arm,entry,exit,S0,Sx,rolls,credit0,pnl_sek,fees
static,2010-02-09,2010-03-24,945,1027,0,875,91,76
static,2010-03-25,2010-05-11,1033,993,0,578,502,76
static,2010-05-12,2010-06-28,1010,1026,0,1880,1804,76
static,2010-06-29,2010-08-11,994,1036,0,1527,1451,76
static,2010-08-12,2010-09-24,1031,1096,0,1319,1243,76
static,2010-09-27,2010-11-09,1086,1113,0,1147,1071,76
static,2010-11-10,2010-12-23,1106,1161,0,982,906,76
static,2010-12-27,2011-02-10,1160,1127,0,1003,927,76
static,2011-02-11,2011-03-28,1140,1132,0,1426,1350,76
static,2011-03-29,2011-05-13,1131,1167,0,1360,1284,76
static,2011-05-16,2011-07-01,1173,1118,0,1200,929,76
static,2011-07-04,2011-08-16,1126,957,0,1782,-6557,76
static,2011-08-17,2011-09-29,958,930,0,1602,1526,76
static,2011-09-30,2011-11-14,910,963,0,2048,1972,76
static,2011-11-15,2011-12-29,959,978,0,1619,1543,76
static,2011-12-30,2012-02-15,988,1083,0,1477,1131,76
static,2012-02-16,2012-03-30,1088,1074,0,1043,967,76
static,2012-04-02,2012-05-21,1086,976,0,1629,-850,76
static,2012-05-22,2012-07-06,1001,1024,0,1696,1620,76
static,2012-07-09,2012-08-21,1020,1085,0,1378,1302,76
static,2012-08-22,2012-10-04,1062,1083,0,1039,963,76
static,2012-10-05,2012-11-19,1094,1051,0,1361,1285,76
static,2012-11-20,2013-01-09,1054,1128,0,1119,276,76
static,2013-01-10,2013-02-22,1127,1205,0,1029,-1556,76
static,2013-02-25,2013-04-11,1199,1196,0,1050,974,76
static,2013-04-12,2013-05-30,1185,1225,0,1148,1072,76
static,2013-05-31,2013-07-16,1215,1213,0,1049,973,76
static,2013-07-17,2013-08-29,1211,1224,0,1525,1449,76
static,2013-08-30,2013-10-14,1214,1259,0,1304,1228,76
static,2013-10-15,2013-11-27,1265,1310,0,1060,984,76
static,2013-11-28,2014-01-20,1315,1351,0,620,544,76
static,2014-01-21,2014-03-05,1350,1365,0,1110,1034,76
static,2014-03-06,2014-04-22,1374,1369,0,1255,1179,76
static,2014-04-23,2014-06-10,1353,1406,0,1405,1329,76
static,2014-06-11,2014-07-25,1400,1404,0,808,732,76
static,2014-07-28,2014-09-09,1401,1383,0,1236,1160,76
static,2014-09-10,2014-10-23,1387,1362,0,1011,935,76
static,2014-10-24,2014-12-08,1359,1468,0,1702,1626,76
static,2014-12-09,2015-01-29,1452,1570,0,1387,272,76
static,2015-01-30,2015-03-16,1574,1690,0,1715,1639,76
static,2015-03-17,2015-05-04,1676,1634,0,1408,1332,76
static,2015-05-05,2015-06-18,1595,1562,0,1850,1774,76
static,2015-06-22,2015-08-04,1607,1612,0,1634,1558,76
static,2015-08-05,2015-09-17,1627,1486,0,1742,-1688,76
static,2015-09-18,2015-11-02,1453,1502,0,2037,1961,76
static,2015-11-03,2015-12-16,1507,1428,0,1369,1293,76
static,2015-12-17,2016-02-05,1438,1330,0,1813,748,76
static,2016-02-08,2016-03-22,1274,1382,0,1964,1888,76
static,2016-03-23,2016-05-10,1368,1333,0,1378,1302,76
static,2016-05-11,2016-06-27,1326,1246,0,1443,1367,76
static,2016-06-28,2016-08-10,1279,1406,0,2266,2190,76
static,2016-08-11,2016-09-23,1417,1438,0,1065,989,76
static,2016-09-26,2016-11-08,1418,1439,0,1360,1284,76
static,2016-11-09,2016-12-22,1457,1520,0,1349,1273,76
static,2016-12-23,2017-02-08,1526,1549,0,1358,1282,76
static,2017-02-09,2017-03-24,1558,1580,0,1136,1060,76
static,2017-03-27,2017-05-12,1575,1646,0,1259,538,76
static,2017-05-15,2017-06-30,1650,1603,0,1121,1045,76
static,2017-07-03,2017-08-15,1627,1543,0,1419,-320,76
static,2017-08-16,2017-09-28,1552,1625,0,1312,1236,76
static,2017-09-29,2017-11-13,1638,1631,0,1022,946,76
static,2017-11-14,2017-12-29,1628,1577,0,1252,870,76
static,2018-01-02,2018-02-14,1580,1532,0,1256,1180,76
static,2018-02-15,2018-04-03,1543,1509,0,1739,1663,76
static,2018-04-04,2018-05-21,1495,1626,0,1382,681,76
static,2018-05-22,2018-07-06,1624,1524,0,1487,-172,76
static,2018-07-09,2018-08-21,1541,1638,0,1488,1412,76
static,2018-08-22,2018-10-04,1643,1649,0,1290,1214,76
static,2018-10-05,2018-11-19,1635,1482,0,1162,-6665,76
static,2018-11-20,2019-01-09,1457,1471,0,1489,1413,76
static,2019-01-10,2019-02-22,1471,1589,0,1810,1734,76
static,2019-02-25,2019-04-09,1587,1617,0,1112,1036,76
static,2019-04-10,2019-05-28,1629,1565,0,1275,1199,76
static,2019-05-29,2019-07-18,1539,1577,0,1614,1538,76
static,2019-07-19,2019-09-03,1605,1569,0,1436,1360,76
static,2019-09-04,2019-10-17,1581,1683,0,1770,1694,76
static,2019-10-18,2019-12-02,1698,1707,0,1850,1774,76
static,2019-12-03,2020-01-23,1698,1795,0,1098,-521,76
static,2020-01-24,2020-03-09,1813,1542,0,1524,-8552,76
static,2020-03-10,2020-04-24,1534,1514,0,2125,2049,76
static,2020-04-27,2020-06-11,1540,1609,0,2218,2142,76
static,2020-06-12,2020-07-28,1609,1754,0,2097,2021,76
static,2020-07-29,2020-09-10,1761,1803,0,1724,1648,76
static,2020-09-11,2020-10-26,1801,1775,0,1806,1730,76
static,2020-10-27,2020-12-09,1764,1926,0,1597,-3121,76
static,2020-12-10,2021-01-29,1907,1949,0,1342,1266,76
static,2021-02-01,2021-03-17,1978,2173,0,1902,-5460,76
static,2021-03-18,2021-05-04,2180,2195,0,2021,1945,76
static,2021-05-05,2021-06-18,2255,2248,0,2072,1996,76
static,2021-06-21,2021-08-04,2266,2393,0,1477,-1909,76
static,2021-08-05,2021-09-17,2394,2324,0,1934,1858,76
static,2021-09-20,2021-11-02,2272,2303,0,1710,1634,76
static,2021-11-03,2021-12-16,2318,2311,0,1521,1445,76
static,2021-12-17,2022-02-03,2306,2278,0,2234,2158,76
static,2022-02-04,2022-03-21,2254,2181,0,2089,2013,76
static,2022-03-22,2022-05-06,2183,1962,0,2421,2345,76
static,2022-05-09,2022-06-23,1915,1866,0,1883,1807,76
static,2022-06-27,2022-08-09,1925,1988,0,2106,2030,76
static,2022-08-10,2022-09-22,2025,1838,0,1931,-4354,76
static,2022-09-23,2022-11-07,1818,2009,0,1982,1044,76
static,2022-11-08,2022-12-21,2036,2065,0,1832,1756,76
static,2022-12-22,2023-02-07,2043,2255,0,2075,-3481,76
static,2023-02-08,2023-03-23,2244,2136,0,2084,2008,76
static,2023-03-24,2023-05-11,2088,2230,0,2078,2002,76
static,2023-05-12,2023-06-29,2236,2285,0,1583,1507,76
static,2023-06-30,2023-08-14,2310,2203,0,1672,1596,76
static,2023-08-15,2023-09-27,2178,2130,0,1568,1492,76
static,2023-09-28,2023-11-10,2138,2115,0,1482,1406,76
static,2023-11-13,2023-12-28,2123,2389,0,1789,-8287,76
static,2023-12-29,2024-02-13,2398,2353,0,1643,1567,76
static,2024-02-14,2024-03-28,2362,2518,0,1560,-2343,76
static,2024-04-02,2024-05-17,2509,2602,0,1744,1668,76
static,2024-05-20,2024-07-04,2632,2572,0,1781,1705,76
static,2024-07-05,2024-08-19,2557,2541,0,1781,1705,76
static,2024-08-20,2024-10-02,2527,2621,0,2224,2148,76
static,2024-10-03,2024-11-15,2594,2510,0,1798,1722,76
static,2024-11-18,2025-01-08,2507,2541,0,1937,1861,76
static,2025-01-09,2025-02-21,2550,2724,0,1678,-824,76
static,2025-02-24,2025-04-08,2714,2237,0,1974,-8102,76
static,2025-04-09,2025-05-27,2176,2518,0,2345,-3510,76
static,2025-05-28,2025-07-15,2510,2532,0,2152,2076,76
static,2025-07-16,2025-08-28,2512,2644,0,2060,1984,76
static,2025-08-29,2025-10-13,2626,2709,0,1960,1884,76
static,2025-10-14,2025-11-26,2721,2779,0,1779,1703,76
static,2025-11-27,2026-01-19,2789,2985,0,1947,1413,76
static,2026-01-20,2026-03-04,2976,3118,0,2158,2082,76
static,2026-03-05,2026-04-21,3077,3133,0,2202,2126,76
static,2026-04-22,2026-06-08,3128,3107,0,2475,2399,76
mechanical,2010-02-09,2010-02-26,945,947,0,875,481,76
mechanical,2010-03-01,2010-03-24,966,1027,0,1009,47,76
mechanical,2010-03-25,2010-04-09,1033,1045,0,578,226,76
mechanical,2010-04-12,2010-05-05,1048,1001,0,733,-1693,76
mechanical,2010-05-06,2010-06-01,977,981,0,1460,-302,76
mechanical,2010-06-02,2010-06-08,990,972,0,1715,1119,76
mechanical,2010-06-09,2010-06-23,997,1048,0,1534,949,76
mechanical,2010-06-24,2010-07-20,1021,1027,0,1112,392,76
mechanical,2010-07-21,2010-07-29,1041,1049,0,1514,894,76
mechanical,2010-07-30,2010-08-10,1047,1063,0,1264,594,76
mechanical,2010-08-11,2010-08-30,1036,1009,0,1337,690,76
mechanical,2010-08-31,2010-09-23,1012,1074,0,995,-68,76
mechanical,2010-09-24,2010-09-29,1096,1085,0,1166,713,76
mechanical,2010-09-30,2010-10-22,1088,1110,0,860,417,76
mechanical,2010-10-25,2010-11-10,1110,1106,0,995,456,76
mechanical,2010-11-11,2010-12-06,1103,1144,0,1260,-376,76
mechanical,2010-12-07,2010-12-16,1149,1154,0,1242,663,76
mechanical,2010-12-17,2010-12-28,1153,1160,0,1381,622,76
mechanical,2010-12-29,2011-01-25,1165,1153,0,1015,13,76
mechanical,2011-01-26,2011-02-18,1174,1117,0,1490,482,76
mechanical,2011-02-21,2011-03-10,1114,1119,0,1192,580,76
mechanical,2011-03-11,2011-04-05,1102,1149,0,910,-212,76
mechanical,2011-04-06,2011-04-13,1157,1138,0,1348,718,76
mechanical,2011-04-14,2011-05-11,1130,1174,0,1046,36,76
mechanical,2011-05-12,2011-05-20,1167,1167,0,938,596,76
mechanical,2011-05-23,2011-06-17,1138,1083,0,981,-1129,76
mechanical,2011-06-20,2011-07-14,1067,1092,0,1509,770,76
mechanical,2011-07-15,2011-07-27,1080,1070,0,1538,775,76
mechanical,2011-07-28,2011-08-22,1069,888,0,1169,-6306,76
mechanical,2011-08-23,2011-09-08,906,919,0,1950,1073,76
mechanical,2011-09-09,2011-10-03,885,903,0,1675,910,76
mechanical,2011-10-04,2011-10-20,867,934,0,1917,1089,76
mechanical,2011-10-21,2011-11-03,965,980,0,1888,947,76
mechanical,2011-11-04,2011-11-29,987,931,0,2005,1038,76
mechanical,2011-11-30,2011-12-20,979,960,0,1995,1075,76
mechanical,2011-12-21,2011-12-29,960,978,0,1514,1051,76
mechanical,2011-12-30,2012-01-20,988,1033,0,1477,763,76
mechanical,2012-01-23,2012-02-10,1042,1065,0,1174,538,76
mechanical,2012-02-13,2012-02-27,1074,1094,0,966,460,76
mechanical,2012-02-28,2012-02-29,1102,1102,0,1029,454,76
mechanical,2012-03-01,2012-03-26,1105,1103,0,1081,-492,76
mechanical,2012-03-27,2012-04-23,1095,1007,0,1528,-1957,76
mechanical,2012-04-24,2012-05-09,1027,1019,0,1716,865,76
mechanical,2012-05-10,2012-05-29,1026,1002,0,1500,805,76
mechanical,2012-05-30,2012-06-18,987,981,0,1561,887,76
mechanical,2012-06-19,2012-07-06,1000,1024,0,1565,764,76
mechanical,2012-07-09,2012-07-25,1020,1029,0,1378,643,76
mechanical,2012-07-26,2012-07-31,1048,1068,0,1213,597,76
mechanical,2012-08-01,2012-08-14,1066,1079,0,1089,539,76
mechanical,2012-08-15,2012-08-20,1075,1084,0,1174,526,76
mechanical,2012-08-21,2012-09-13,1085,1086,0,1001,220,76
mechanical,2012-09-14,2012-09-25,1115,1106,0,1309,781,76
mechanical,2012-09-26,2012-10-05,1088,1094,0,1013,444,76
mechanical,2012-10-08,2012-10-15,1080,1064,0,1133,495,76
mechanical,2012-10-16,2012-11-05,1073,1063,0,903,407,76
mechanical,2012-11-06,2012-11-27,1072,1072,0,1037,504,76
mechanical,2012-11-28,2012-12-13,1069,1092,0,1213,591,76
mechanical,2012-12-14,2012-12-17,1098,1102,0,784,347,76
mechanical,2012-12-18,2013-01-17,1107,1136,0,614,-6,76
mechanical,2013-01-18,2013-02-12,1135,1176,0,578,-99,76
mechanical,2013-02-13,2013-03-08,1185,1215,0,1081,172,76
mechanical,2013-03-11,2013-03-28,1218,1201,0,1102,586,76
mechanical,2013-04-02,2013-04-25,1210,1195,0,976,-187,76
mechanical,2013-04-26,2013-05-07,1195,1208,0,1248,555,76
mechanical,2013-05-08,2013-05-20,1222,1243,0,1530,857,76
mechanical,2013-05-21,2013-06-14,1248,1178,0,1022,-2198,76
mechanical,2013-06-17,2013-07-10,1191,1195,0,1209,311,76
mechanical,2013-07-11,2013-07-18,1211,1218,0,1494,897,76
mechanical,2013-07-19,2013-07-23,1221,1217,0,1158,525,76
mechanical,2013-07-24,2013-08-02,1230,1251,0,1083,525,76
mechanical,2013-08-05,2013-08-28,1252,1218,0,638,-464,76
mechanical,2013-08-29,2013-09-23,1224,1275,0,973,-1,76
mechanical,2013-09-24,2013-10-17,1283,1267,0,985,492,76
mechanical,2013-10-18,2013-10-30,1284,1291,0,1229,610,76
mechanical,2013-10-31,2013-11-07,1284,1285,0,904,479,76
mechanical,2013-11-08,2013-11-29,1282,1308,0,1017,451,76
mechanical,2013-12-02,2013-12-30,1305,1333,0,940,-396,76
mechanical,2014-01-02,2014-01-10,1324,1330,0,1291,633,76
mechanical,2014-01-13,2014-01-27,1329,1317,0,1041,481,76
mechanical,2014-01-28,2014-02-20,1318,1342,0,1108,296,76
mechanical,2014-02-21,2014-03-18,1349,1359,0,977,41,76
mechanical,2014-03-19,2014-04-01,1360,1375,0,1514,898,76
mechanical,2014-04-02,2014-04-24,1378,1365,0,1212,548,76
mechanical,2014-04-25,2014-05-13,1360,1374,0,1124,511,76
mechanical,2014-05-14,2014-05-21,1376,1386,0,1300,731,76
mechanical,2014-05-22,2014-06-02,1389,1399,0,948,440,76
mechanical,2014-06-03,2014-06-17,1396,1384,0,638,253,76
mechanical,2014-06-18,2014-07-14,1378,1383,0,784,-289,76
mechanical,2014-07-15,2014-08-05,1372,1366,0,1237,650,76
mechanical,2014-08-06,2014-08-15,1344,1353,0,1232,558,76
mechanical,2014-08-18,2014-09-01,1369,1387,0,1380,629,76
mechanical,2014-09-02,2014-09-08,1388,1393,0,1200,710,76
mechanical,2014-09-09,2014-09-16,1383,1395,0,777,315,76
mechanical,2014-09-17,2014-10-10,1407,1302,0,864,-4629,76
mechanical,2014-10-13,2014-11-05,1295,1414,0,1398,-2952,76
mechanical,2014-11-06,2014-11-12,1415,1409,0,1662,896,76
mechanical,2014-11-13,2014-11-18,1423,1432,0,1388,869,76
mechanical,2014-11-19,2014-12-12,1428,1426,0,1008,361,76
mechanical,2014-12-15,2015-01-15,1409,1457,0,1232,-94,76
mechanical,2015-01-16,2015-02-10,1469,1603,0,1768,-291,76
mechanical,2015-02-11,2015-03-06,1593,1663,0,1489,347,76
mechanical,2015-03-09,2015-03-31,1660,1668,0,1375,662,76
mechanical,2015-04-01,2015-04-28,1669,1680,0,1525,599,76
mechanical,2015-04-29,2015-05-21,1636,1642,0,1718,904,76
mechanical,2015-05-22,2015-05-29,1648,1645,0,1814,870,76
mechanical,2015-06-01,2015-06-25,1650,1601,0,1800,395,76
mechanical,2015-06-26,2015-07-21,1608,1636,0,1521,326,76
mechanical,2015-07-22,2015-07-30,1621,1604,0,1739,799,76
mechanical,2015-07-31,2015-08-07,1616,1612,0,1733,955,76
mechanical,2015-08-10,2015-09-02,1637,1472,0,1422,-4379,76
mechanical,2015-09-03,2015-09-21,1500,1463,0,2066,1165,76
mechanical,2015-09-22,2015-10-14,1425,1443,0,1822,1011,76
mechanical,2015-10-15,2015-10-26,1454,1506,0,1895,1081,76
mechanical,2015-10-27,2015-11-02,1487,1502,0,1605,819,76
mechanical,2015-11-03,2015-11-19,1507,1513,0,1369,635,76
mechanical,2015-11-20,2015-12-15,1522,1426,0,1550,-1888,76
mechanical,2015-12-16,2016-01-15,1428,1305,0,1685,-1853,76
mechanical,2016-01-18,2016-02-10,1306,1298,0,1850,337,76
mechanical,2016-02-11,2016-03-07,1247,1397,0,2013,-248,76
mechanical,2016-03-08,2016-03-14,1391,1424,0,1946,1119,76
mechanical,2016-03-15,2016-03-22,1404,1382,0,1739,809,76
mechanical,2016-03-23,2016-04-18,1368,1382,0,1378,666,76
mechanical,2016-04-19,2016-05-13,1411,1323,0,1611,309,76
mechanical,2016-05-16,2016-06-01,1336,1357,0,1401,771,76
mechanical,2016-06-02,2016-06-29,1359,1310,0,1315,-2706,76
mechanical,2016-06-30,2016-07-19,1324,1372,0,2399,1308,76
mechanical,2016-07-20,2016-07-25,1387,1386,0,2242,1971,76
mechanical,2016-07-26,2016-08-04,1383,1366,0,1494,906,76
mechanical,2016-08-05,2016-08-30,1379,1418,0,1205,443,76
mechanical,2016-08-31,2016-09-13,1418,1411,0,1363,657,76
mechanical,2016-09-14,2016-10-07,1410,1452,0,1116,112,76
mechanical,2016-10-10,2016-10-28,1467,1459,0,1286,639,76
mechanical,2016-10-31,2016-11-23,1446,1483,0,1162,482,76
mechanical,2016-11-24,2016-12-05,1484,1483,0,1235,629,76
mechanical,2016-12-06,2016-12-28,1492,1527,0,1108,602,76
mechanical,2016-12-29,2017-01-10,1518,1510,0,1071,490,76
mechanical,2017-01-11,2017-02-03,1512,1557,0,945,-583,76
mechanical,2017-02-06,2017-02-20,1549,1576,0,1436,855,76
mechanical,2017-02-21,2017-03-10,1590,1588,0,1341,650,76
mechanical,2017-03-13,2017-03-29,1595,1584,0,1279,744,76
mechanical,2017-03-30,2017-04-26,1584,1620,0,1134,-350,76
mechanical,2017-04-27,2017-05-17,1617,1628,0,1163,511,76
mechanical,2017-05-18,2017-05-29,1615,1632,0,1369,629,76
mechanical,2017-05-30,2017-06-16,1640,1636,0,1117,516,76
mechanical,2017-06-19,2017-07-13,1653,1642,0,1205,217,76
mechanical,2017-07-14,2017-08-08,1647,1581,0,1260,-253,76
mechanical,2017-08-09,2017-08-31,1571,1547,0,1338,623,76
mechanical,2017-09-01,2017-09-18,1559,1583,0,1329,609,76
mechanical,2017-09-19,2017-10-12,1584,1645,0,1059,-2,76
mechanical,2017-10-13,2017-11-07,1642,1670,0,1222,526,76
mechanical,2017-11-08,2017-12-01,1663,1592,0,1258,-2125,76
mechanical,2017-12-04,2017-12-29,1617,1577,0,1284,335,76
mechanical,2018-01-02,2018-01-17,1580,1623,0,1256,575,76
mechanical,2018-01-18,2018-02-12,1625,1522,0,981,-3612,76
mechanical,2018-02-13,2018-03-07,1513,1564,0,1729,903,76
mechanical,2018-03-08,2018-04-04,1586,1495,0,1773,-1017,76
mechanical,2018-04-05,2018-04-25,1527,1557,0,1513,886,76
mechanical,2018-04-26,2018-05-11,1574,1603,0,1671,980,76
mechanical,2018-05-14,2018-06-01,1599,1570,0,1517,771,76
mechanical,2018-06-04,2018-06-19,1565,1565,0,1329,642,76
mechanical,2018-06-20,2018-07-16,1572,1553,0,1160,313,76
mechanical,2018-07-17,2018-08-02,1557,1598,0,1551,834,76
mechanical,2018-08-03,2018-08-21,1612,1638,0,1322,673,76
mechanical,2018-08-22,2018-09-13,1643,1622,0,1290,756,76
mechanical,2018-09-14,2018-10-09,1635,1624,0,1103,399,76
mechanical,2018-10-10,2018-11-02,1595,1551,0,1330,-359,76
mechanical,2018-11-05,2018-11-08,1539,1537,0,1674,856,76
mechanical,2018-11-09,2018-12-03,1531,1530,0,1568,791,76
mechanical,2018-12-04,2019-01-03,1506,1394,0,1427,-2620,76
mechanical,2019-01-04,2019-01-14,1435,1458,0,1726,795,76
mechanical,2019-01-15,2019-01-28,1455,1491,0,1910,1041,76
mechanical,2019-01-29,2019-02-01,1503,1526,0,1604,798,76
mechanical,2019-02-04,2019-02-27,1527,1577,0,1291,48,76
mechanical,2019-02-28,2019-03-13,1573,1573,0,1145,569,76
mechanical,2019-03-14,2019-04-08,1591,1625,0,1100,258,76
mechanical,2019-04-09,2019-05-02,1617,1665,0,1505,859,76
mechanical,2019-05-03,2019-05-28,1672,1565,0,1052,-3239,76
mechanical,2019-05-29,2019-06-28,1539,1622,0,1614,201,76
mechanical,2019-07-01,2019-07-04,1642,1652,0,1550,888,76
mechanical,2019-07-05,2019-07-30,1635,1600,0,1388,294,76
mechanical,2019-07-31,2019-08-26,1600,1521,0,1684,-1359,76
mechanical,2019-08-27,2019-09-19,1531,1665,0,1859,241,76
mechanical,2019-09-20,2019-10-15,1667,1670,0,1105,-100,76
mechanical,2019-10-16,2019-10-31,1677,1734,0,1762,937,76
mechanical,2019-11-01,2019-11-18,1738,1745,0,1348,705,76
mechanical,2019-11-19,2019-12-06,1743,1743,0,1158,538,76
mechanical,2019-12-09,2020-01-09,1743,1797,0,1274,94,76
mechanical,2020-01-10,2020-01-31,1785,1783,0,1539,826,76
mechanical,2020-02-03,2020-02-26,1783,1782,0,1480,-232,76
mechanical,2020-02-27,2020-03-23,1722,1292,0,2000,-7143,76
mechanical,2020-03-24,2020-04-09,1384,1499,0,2571,1460,76
mechanical,2020-04-14,2020-04-23,1536,1542,0,2558,1351,76
mechanical,2020-04-24,2020-05-11,1514,1556,0,2289,1140,76
mechanical,2020-05-12,2020-06-02,1570,1667,0,2112,1130,76
mechanical,2020-06-03,2020-06-29,1710,1672,0,2131,1243,76
mechanical,2020-06-30,2020-07-10,1664,1712,0,2027,1369,76
mechanical,2020-07-13,2020-07-22,1743,1780,0,2044,1224,76
mechanical,2020-07-23,2020-08-17,1781,1774,0,1672,681,76
mechanical,2020-08-18,2020-08-31,1760,1766,0,1849,968,76
mechanical,2020-09-01,2020-09-24,1769,1778,0,1562,640,76
mechanical,2020-09-25,2020-10-19,1784,1842,0,1837,1198,76
mechanical,2020-10-20,2020-11-12,1842,1892,0,1726,15,76
mechanical,2020-11-13,2020-11-25,1897,1931,0,1985,1239,76
mechanical,2020-11-26,2020-12-07,1932,1908,0,1795,1448,76
mechanical,2020-12-08,2021-01-07,1926,1939,0,1362,-190,76
mechanical,2021-01-08,2021-01-25,1949,1975,0,1733,1139,76
mechanical,2021-01-26,2021-02-04,1992,2006,0,1600,725,76
mechanical,2021-02-05,2021-03-03,1989,2074,0,1549,-467,76
mechanical,2021-03-04,2021-03-29,2065,2182,0,1656,-768,76
mechanical,2021-03-30,2021-04-07,2205,2230,0,1566,721,76
mechanical,2021-04-08,2021-05-03,2240,2232,0,1515,287,76
mechanical,2021-05-04,2021-05-28,2195,2255,0,1764,66,76
mechanical,2021-05-31,2021-06-09,2242,2272,0,2084,1531,76
mechanical,2021-06-10,2021-06-16,2268,2286,0,1767,1263,76
mechanical,2021-06-17,2021-07-13,2273,2349,0,1264,-1790,76
mechanical,2021-07-14,2021-08-04,2356,2393,0,1715,878,76
mechanical,2021-08-05,2021-08-16,2394,2374,0,1934,976,76
mechanical,2021-08-17,2021-09-09,2383,2353,0,1573,376,76
mechanical,2021-09-10,2021-10-05,2350,2255,0,1932,-827,76
mechanical,2021-10-06,2021-10-29,2221,2291,0,1930,1005,76
mechanical,2021-11-01,2021-11-05,2302,2325,0,1701,881,76
mechanical,2021-11-08,2021-11-22,2332,2369,0,1563,883,76
mechanical,2021-11-23,2021-12-16,2334,2311,0,1617,-1568,76
mechanical,2021-12-17,2022-01-07,2306,2401,0,2234,1526,76
mechanical,2022-01-10,2022-02-02,2353,2324,0,2159,133,76
mechanical,2022-02-03,2022-02-28,2278,2134,0,2192,-170,76
mechanical,2022-03-01,2022-03-24,2085,2134,0,2079,823,76
mechanical,2022-03-25,2022-04-06,2107,2101,0,2223,1349,76
mechanical,2022-04-07,2022-04-13,2108,2099,0,1937,1061,76
mechanical,2022-04-14,2022-05-11,2093,1977,0,1856,-998,76
mechanical,2022-05-12,2022-06-08,1973,2070,0,1840,451,76
mechanical,2022-06-09,2022-07-05,2044,1866,0,2167,-2364,76
mechanical,2022-07-06,2022-07-25,1919,1971,0,2168,1337,76
mechanical,2022-07-26,2022-08-05,1963,1999,0,2047,988,76
mechanical,2022-08-08,2022-08-31,2017,1920,0,1753,70,76
mechanical,2022-09-01,2022-09-26,1875,1812,0,2004,71,76
mechanical,2022-09-27,2022-10-20,1829,1906,0,1857,692,76
mechanical,2022-10-21,2022-11-02,1902,1981,0,2010,1023,76
mechanical,2022-11-03,2022-11-28,1960,2096,0,1789,-740,76
mechanical,2022-11-29,2022-12-08,2092,2092,0,1903,1450,76
mechanical,2022-12-09,2023-01-04,2116,2120,0,1637,-139,76
mechanical,2023-01-05,2023-01-26,2137,2191,0,1950,963,76
mechanical,2023-01-27,2023-02-17,2198,2249,0,1987,1007,76
mechanical,2023-02-20,2023-03-02,2238,2215,0,1939,1183,76
mechanical,2023-03-03,2023-03-28,2253,2116,0,1969,-2544,76
mechanical,2023-03-29,2023-04-14,2149,2249,0,2182,1048,76
mechanical,2023-04-17,2023-04-25,2250,2249,0,2195,1301,76
mechanical,2023-04-26,2023-05-08,2240,2239,0,1724,1083,76
mechanical,2023-05-09,2023-06-02,2224,2292,0,1563,-436,76
mechanical,2023-06-05,2023-06-20,2293,2281,0,1853,858,76
mechanical,2023-06-21,2023-07-04,2266,2296,0,1724,978,76
mechanical,2023-07-05,2023-07-28,2279,2254,0,1760,1007,76
mechanical,2023-07-31,2023-08-23,2251,2155,0,1697,-1012,76
mechanical,2023-08-24,2023-09-12,2146,2177,0,1368,756,76
mechanical,2023-09-13,2023-10-06,2162,2154,0,1475,503,76
mechanical,2023-10-09,2023-11-01,2133,2073,0,1786,-438,76
mechanical,2023-11-02,2023-11-08,2111,2114,0,2145,1046,76
mechanical,2023-11-09,2023-12-04,2138,2254,0,1795,-312,76
mechanical,2023-12-05,2024-01-02,2268,2395,0,1813,-837,76
mechanical,2024-01-03,2024-01-23,2357,2337,0,1653,887,76
mechanical,2024-01-24,2024-02-02,2351,2368,0,1630,840,76
mechanical,2024-02-05,2024-02-28,2340,2447,0,1645,-405,76
mechanical,2024-02-29,2024-03-25,2453,2526,0,1302,-534,76
mechanical,2024-03-26,2024-04-22,2548,2511,0,1786,1082,76
mechanical,2024-04-23,2024-05-20,2546,2632,0,1787,-114,76
mechanical,2024-05-21,2024-06-03,2631,2612,0,1891,886,76
mechanical,2024-06-04,2024-07-01,2588,2585,0,1735,790,76
mechanical,2024-07-02,2024-07-23,2554,2596,0,1921,994,76
mechanical,2024-07-24,2024-08-16,2571,2533,0,2017,105,76
mechanical,2024-08-19,2024-08-30,2541,2596,0,2195,1554,76
mechanical,2024-09-02,2024-09-25,2590,2611,0,1726,-22,76
mechanical,2024-09-26,2024-10-14,2642,2598,0,1944,1006,76
mechanical,2024-10-15,2024-10-23,2577,2581,0,1862,988,76
mechanical,2024-10-24,2024-11-18,2578,2507,0,1711,-1596,76
mechanical,2024-11-19,2024-11-29,2493,2514,0,1972,944,76
mechanical,2024-12-02,2024-12-10,2548,2595,0,1975,1132,76
mechanical,2024-12-11,2025-01-13,2588,2515,0,1579,-303,76
mechanical,2025-01-14,2025-02-06,2521,2666,0,1704,-1190,76
mechanical,2025-02-07,2025-03-04,2640,2656,0,1932,406,76
mechanical,2025-03-05,2025-03-28,2724,2543,0,2161,-912,76
mechanical,2025-03-31,2025-04-02,2494,2479,0,2266,1152,76
mechanical,2025-04-03,2025-04-30,2385,2434,0,2067,-1349,76
mechanical,2025-05-02,2025-05-08,2463,2449,0,2652,1660,76
mechanical,2025-05-09,2025-05-15,2449,2542,0,2358,1195,76
mechanical,2025-05-16,2025-06-11,2544,2499,0,2109,1544,76
mechanical,2025-06-12,2025-07-08,2481,2522,0,1684,643,76
mechanical,2025-07-09,2025-08-01,2536,2534,0,1857,886,76
mechanical,2025-08-04,2025-08-21,2553,2647,0,2086,970,76
mechanical,2025-08-22,2025-09-16,2689,2614,0,1944,548,76
mechanical,2025-09-17,2025-09-30,2616,2663,0,1988,1035,76
mechanical,2025-10-01,2025-10-24,2677,2787,0,1615,-1139,76
mechanical,2025-10-27,2025-11-19,2798,2686,0,1774,-1222,76
mechanical,2025-11-20,2025-12-15,2702,2833,0,1800,-142,76
mechanical,2025-12-16,2026-01-16,2813,3039,0,1771,-5066,76
mechanical,2026-01-19,2026-02-11,2985,3145,0,2118,-425,76
mechanical,2026-02-12,2026-03-09,3124,2993,0,1986,-1366,76
mechanical,2026-03-10,2026-04-02,3083,2966,0,2299,-110,76
mechanical,2026-04-07,2026-04-27,2968,3080,0,2516,1317,76
mechanical,2026-04-28,2026-05-07,3056,3111,0,2359,1159,76
dynamic,2010-02-09,2010-02-26,945,947,0,875,481,76
dynamic,2010-03-01,2010-03-12,966,1018,3,1009,246,304
dynamic,2010-03-15,2010-03-26,1014,1027,0,807,348,76
dynamic,2010-03-29,2010-04-19,1027,1043,0,669,270,76
dynamic,2010-04-20,2010-05-14,1055,985,2,819,-3442,228
dynamic,2010-05-17,2010-06-09,992,997,3,1907,333,304
dynamic,2010-06-10,2010-06-17,1018,1047,0,1650,802,76
dynamic,2010-06-18,2010-07-14,1055,1064,3,1513,-2543,304
dynamic,2010-07-15,2010-07-27,1056,1059,0,1425,673,76
dynamic,2010-07-28,2010-08-06,1051,1065,0,1325,634,76
dynamic,2010-08-09,2010-08-23,1074,1022,3,1264,395,304
dynamic,2010-08-24,2010-09-16,1005,1078,3,1166,447,304
dynamic,2010-09-17,2010-09-29,1082,1085,0,1488,1057,76
dynamic,2010-09-30,2010-10-22,1088,1110,0,860,417,76
dynamic,2010-10-25,2010-11-10,1110,1106,0,995,456,76
dynamic,2010-11-11,2010-12-06,1103,1144,2,1260,-95,228
dynamic,2010-12-07,2010-12-16,1149,1154,0,1242,663,76
dynamic,2010-12-17,2010-12-28,1153,1160,0,1381,622,76
dynamic,2010-12-29,2011-01-25,1165,1153,1,1015,-496,152
dynamic,2011-01-26,2011-02-10,1174,1127,3,1490,552,304
dynamic,2011-02-11,2011-03-08,1140,1123,2,1426,-299,228
dynamic,2011-03-09,2011-04-01,1127,1146,3,930,-3632,304
dynamic,2011-04-04,2011-04-12,1151,1132,0,1330,592,76
dynamic,2011-04-13,2011-05-10,1138,1168,3,1182,-528,304
dynamic,2011-05-11,2011-05-20,1174,1167,0,1194,775,76
dynamic,2011-05-23,2011-06-17,1138,1083,3,981,-573,304
dynamic,2011-06-20,2011-07-14,1067,1092,3,1509,-259,304
dynamic,2011-07-15,2011-07-27,1080,1070,0,1538,775,76
dynamic,2011-07-28,2011-08-22,1069,888,2,1169,-3820,228
dynamic,2011-08-23,2011-09-08,906,919,0,1950,1073,76
dynamic,2011-09-09,2011-10-03,885,903,0,1675,910,76
dynamic,2011-10-04,2011-10-20,867,934,0,1917,1089,76
dynamic,2011-10-21,2011-11-03,965,980,0,1888,947,76
dynamic,2011-11-04,2011-11-29,987,931,3,2005,11,304
dynamic,2011-11-30,2011-12-20,979,960,0,1995,1075,76
dynamic,2011-12-21,2011-12-29,960,978,0,1514,1051,76
dynamic,2011-12-30,2012-01-20,988,1033,1,1477,746,152
dynamic,2012-01-23,2012-02-10,1042,1065,0,1174,538,76
dynamic,2012-02-13,2012-02-27,1074,1094,0,966,460,76
dynamic,2012-02-28,2012-02-29,1102,1102,0,1029,454,76
dynamic,2012-03-01,2012-03-26,1105,1103,1,1081,-2247,152
dynamic,2012-03-27,2012-04-23,1095,1007,3,1528,-1126,304
dynamic,2012-04-24,2012-05-09,1027,1019,0,1716,865,76
dynamic,2012-05-10,2012-06-01,1026,957,2,1500,547,228
dynamic,2012-06-04,2012-06-29,946,1019,3,1305,116,304
dynamic,2012-07-02,2012-07-11,1025,1026,0,1597,743,76
dynamic,2012-07-12,2012-07-27,1014,1060,0,1409,698,76
dynamic,2012-07-30,2012-08-10,1066,1080,0,1190,540,76
dynamic,2012-08-13,2012-08-20,1077,1084,0,1324,747,76
dynamic,2012-08-21,2012-09-13,1085,1086,3,1001,-998,304
dynamic,2012-09-14,2012-09-25,1115,1106,0,1309,781,76
dynamic,2012-09-26,2012-10-05,1088,1094,0,1013,444,76
dynamic,2012-10-08,2012-10-15,1080,1064,0,1133,495,76
dynamic,2012-10-16,2012-11-05,1073,1063,0,903,407,76
dynamic,2012-11-06,2012-11-29,1072,1085,2,1037,-2205,228
dynamic,2012-11-30,2012-12-13,1086,1092,0,980,536,76
dynamic,2012-12-14,2012-12-17,1098,1102,0,784,347,76
dynamic,2012-12-18,2013-01-17,1107,1136,2,614,136,228
dynamic,2013-01-18,2013-02-12,1135,1176,2,578,-221,228
dynamic,2013-02-13,2013-03-08,1185,1215,2,1081,77,228
dynamic,2013-03-11,2013-03-27,1218,1194,1,1102,549,152
dynamic,2013-03-28,2013-04-24,1201,1177,3,889,-1098,304
dynamic,2013-04-25,2013-05-07,1195,1208,0,1247,599,76
dynamic,2013-05-08,2013-05-20,1222,1243,0,1530,857,76
dynamic,2013-05-21,2013-06-14,1248,1178,3,1022,-506,304
dynamic,2013-06-17,2013-07-10,1191,1195,3,1209,-2492,304
dynamic,2013-07-11,2013-07-18,1211,1218,0,1494,897,76
dynamic,2013-07-19,2013-07-23,1221,1217,0,1158,525,76
dynamic,2013-07-24,2013-08-02,1230,1251,0,1083,525,76
dynamic,2013-08-05,2013-08-28,1252,1218,2,638,-451,228
dynamic,2013-08-29,2013-09-18,1224,1277,3,973,324,304
dynamic,2013-09-19,2013-10-08,1286,1242,3,976,468,304
dynamic,2013-10-09,2013-11-01,1235,1278,2,805,-412,228
dynamic,2013-11-04,2013-11-07,1281,1285,0,881,400,76
dynamic,2013-11-08,2013-12-03,1282,1281,1,1017,-1126,152
dynamic,2013-12-04,2014-01-03,1279,1325,3,961,-596,304
dynamic,2014-01-07,2014-01-14,1326,1324,0,1238,552,76
dynamic,2014-01-15,2014-02-04,1343,1281,3,1071,300,304
dynamic,2014-02-05,2014-02-21,1292,1349,2,1298,435,228
dynamic,2014-02-24,2014-03-19,1370,1360,1,971,-869,152
dynamic,2014-03-20,2014-04-01,1352,1375,0,1242,682,76
dynamic,2014-04-02,2014-04-29,1378,1372,2,1212,-909,228
dynamic,2014-04-30,2014-05-16,1364,1382,0,1343,713,76
dynamic,2014-05-19,2014-05-22,1380,1389,0,1360,728,76
dynamic,2014-05-23,2014-06-04,1392,1397,0,841,398,76
dynamic,2014-06-05,2014-07-02,1391,1388,0,793,318,76
dynamic,2014-07-03,2014-07-28,1409,1401,2,1035,-1682,228
dynamic,2014-07-29,2014-08-21,1398,1385,3,1226,-1346,304
dynamic,2014-08-22,2014-09-03,1383,1398,0,1071,570,76
dynamic,2014-09-04,2014-09-15,1398,1393,0,1109,665,76
dynamic,2014-09-16,2014-10-09,1395,1322,3,737,-1200,304
dynamic,2014-10-10,2014-11-04,1302,1400,3,1171,-434,304
dynamic,2014-11-05,2014-11-12,1414,1409,0,1503,898,76
dynamic,2014-11-13,2014-11-18,1423,1432,0,1388,869,76
dynamic,2014-11-19,2014-12-12,1428,1426,2,1008,-1270,228
dynamic,2014-12-15,2015-01-15,1409,1457,3,1232,-693,304
dynamic,2015-01-16,2015-02-04,1469,1579,3,1768,749,304
dynamic,2015-02-05,2015-02-24,1586,1684,3,1781,839,304
dynamic,2015-02-25,2015-03-13,1679,1665,0,1287,621,76
dynamic,2015-03-16,2015-04-09,1690,1696,0,1156,556,76
dynamic,2015-04-10,2015-05-06,1700,1584,3,1539,-2729,304
dynamic,2015-05-07,2015-05-28,1588,1667,2,1741,694,228
dynamic,2015-05-29,2015-06-24,1645,1612,3,1525,-685,304
dynamic,2015-06-25,2015-07-20,1601,1653,3,1731,-3123,304
dynamic,2015-07-21,2015-07-31,1636,1616,0,1951,968,76
dynamic,2015-08-03,2015-08-26,1618,1458,2,1772,-2404,228
dynamic,2015-08-27,2015-09-17,1503,1486,0,2054,1042,76
dynamic,2015-09-18,2015-10-01,1453,1404,0,2037,970,76
dynamic,2015-10-02,2015-10-26,1413,1506,2,1876,726,228
dynamic,2015-10-27,2015-11-02,1487,1502,0,1605,819,76
dynamic,2015-11-03,2015-11-19,1507,1513,0,1369,635,76
dynamic,2015-11-20,2015-12-15,1522,1426,3,1550,-1108,304
dynamic,2015-12-16,2016-01-15,1428,1305,3,1685,-364,304
dynamic,2016-01-18,2016-02-10,1306,1298,2,1850,-929,228
dynamic,2016-02-11,2016-03-07,1247,1397,3,2013,904,304
dynamic,2016-03-08,2016-03-14,1391,1424,0,1946,1119,76
dynamic,2016-03-15,2016-03-22,1404,1382,0,1739,809,76
dynamic,2016-03-23,2016-04-18,1368,1382,0,1378,666,76
dynamic,2016-04-19,2016-05-09,1411,1328,3,1611,653,304
dynamic,2016-05-10,2016-05-18,1333,1341,0,1506,697,76
dynamic,2016-05-19,2016-06-14,1322,1274,3,1023,-4283,304
dynamic,2016-06-15,2016-07-11,1304,1350,3,1717,-2842,304
dynamic,2016-07-12,2016-07-25,1355,1386,0,2343,2207,76
dynamic,2016-07-26,2016-08-04,1383,1366,0,1494,906,76
dynamic,2016-08-05,2016-08-30,1379,1418,1,1205,642,152
dynamic,2016-08-31,2016-09-13,1418,1411,0,1363,657,76
dynamic,2016-09-14,2016-10-07,1410,1452,3,1116,234,304
dynamic,2016-10-10,2016-11-01,1467,1432,2,1286,534,228
dynamic,2016-11-02,2016-11-25,1417,1491,3,1171,275,304
dynamic,2016-11-28,2016-12-05,1473,1483,0,1348,657,76
dynamic,2016-12-06,2016-12-30,1492,1517,3,1108,-716,304
dynamic,2017-01-02,2017-01-12,1527,1503,0,1017,465,76
dynamic,2017-01-13,2017-02-07,1522,1551,0,843,21,76
dynamic,2017-02-08,2017-02-20,1549,1576,0,1441,775,76
dynamic,2017-02-21,2017-03-16,1590,1593,1,1341,264,152
dynamic,2017-03-17,2017-03-29,1585,1584,0,1034,583,76
dynamic,2017-03-30,2017-04-26,1584,1620,2,1134,-2962,228
dynamic,2017-04-27,2017-05-17,1617,1628,0,1163,511,76
dynamic,2017-05-18,2017-05-29,1615,1632,0,1369,629,76
dynamic,2017-05-30,2017-06-16,1640,1636,0,1117,516,76
dynamic,2017-06-19,2017-07-13,1653,1642,2,1205,-1216,228
dynamic,2017-07-14,2017-08-08,1647,1581,3,1260,135,304
dynamic,2017-08-09,2017-08-29,1571,1521,3,1338,408,304
dynamic,2017-08-30,2017-09-19,1536,1584,3,1230,640,304
dynamic,2017-09-20,2017-10-02,1585,1641,3,1051,228,304
dynamic,2017-10-03,2017-10-19,1649,1647,0,908,409,76
dynamic,2017-10-20,2017-11-06,1668,1676,0,946,411,76
dynamic,2017-11-07,2017-11-30,1670,1610,3,937,-17,304
dynamic,2017-12-01,2017-12-28,1592,1589,0,1377,387,76
dynamic,2017-12-29,2018-01-18,1577,1625,3,1252,717,304
dynamic,2018-01-19,2018-02-13,1631,1513,3,1319,-2938,304
dynamic,2018-02-14,2018-03-05,1532,1548,0,1704,782,76
dynamic,2018-03-06,2018-03-12,1560,1594,0,1864,968,76
dynamic,2018-03-13,2018-04-09,1578,1511,3,1470,33,304
dynamic,2018-04-10,2018-04-25,1527,1557,0,1485,676,76
dynamic,2018-04-26,2018-05-11,1574,1603,0,1671,980,76
dynamic,2018-05-14,2018-06-05,1599,1559,2,1517,741,228
dynamic,2018-06-07,2018-07-03,1556,1538,0,1242,258,76
dynamic,2018-07-04,2018-07-27,1522,1613,3,1290,635,304
dynamic,2018-07-30,2018-08-08,1611,1623,0,1340,699,76
dynamic,2018-08-09,2018-09-03,1631,1660,2,1399,-824,228
dynamic,2018-09-04,2018-09-17,1646,1641,0,1330,629,76
dynamic,2018-09-18,2018-10-11,1625,1550,1,1152,-5172,152
dynamic,2018-10-12,2018-11-06,1536,1535,2,1524,-1155,228
dynamic,2018-11-07,2018-11-13,1539,1520,0,1489,717,76
dynamic,2018-11-14,2018-12-07,1502,1454,2,1273,-2103,228
dynamic,2018-12-10,2019-01-09,1436,1471,3,1837,-818,304
dynamic,2019-01-10,2019-01-21,1471,1494,0,1810,844,76
dynamic,2019-01-22,2019-01-29,1486,1503,0,1550,821,76
dynamic,2019-01-30,2019-02-01,1510,1526,0,1324,724,76
dynamic,2019-02-04,2019-02-27,1527,1577,1,1291,-1,152
dynamic,2019-02-28,2019-03-13,1573,1573,0,1145,569,76
dynamic,2019-03-14,2019-04-08,1591,1625,1,1100,-1986,152
dynamic,2019-04-09,2019-04-24,1617,1681,3,1505,471,304
dynamic,2019-04-25,2019-05-21,1689,1603,3,1294,-1152,304
dynamic,2019-05-22,2019-06-20,1596,1628,3,1453,-3298,304
dynamic,2019-06-24,2019-07-03,1611,1649,0,1607,731,76
dynamic,2019-07-04,2019-07-29,1652,1614,3,1412,-820,304
dynamic,2019-07-30,2019-08-23,1600,1523,3,1689,-1543,304
dynamic,2019-08-26,2019-09-11,1521,1638,3,1761,1448,304
dynamic,2019-09-12,2019-09-30,1651,1648,0,1509,735,76
dynamic,2019-10-01,2019-10-24,1636,1737,3,1224,-5114,304
dynamic,2019-10-25,2019-10-30,1747,1747,0,1408,833,76
dynamic,2019-10-31,2019-11-18,1734,1745,0,1353,763,76
dynamic,2019-11-19,2019-12-12,1743,1758,2,1158,-1013,228
dynamic,2019-12-13,2020-01-13,1770,1791,0,1185,587,76
dynamic,2020-01-14,2020-02-03,1793,1783,0,1426,756,76
dynamic,2020-02-04,2020-02-27,1821,1722,3,1706,-4201,304
dynamic,2020-02-28,2020-03-24,1669,1384,3,2153,-2769,304
dynamic,2020-03-25,2020-04-09,1447,1499,0,2629,1711,76
dynamic,2020-04-14,2020-04-23,1536,1542,0,2558,1351,76
dynamic,2020-04-24,2020-05-11,1514,1556,0,2289,1140,76
dynamic,2020-05-12,2020-06-02,1570,1667,0,2112,1130,76
dynamic,2020-06-03,2020-06-29,1710,1672,3,2131,-25,304
dynamic,2020-06-30,2020-07-10,1664,1712,0,2027,1369,76
dynamic,2020-07-13,2020-07-22,1743,1780,0,2044,1224,76
dynamic,2020-07-23,2020-08-17,1781,1774,2,1672,-1018,228
dynamic,2020-08-18,2020-08-31,1760,1766,0,1849,968,76
dynamic,2020-09-01,2020-09-24,1769,1778,3,1562,-1192,304
dynamic,2020-09-25,2020-10-19,1784,1842,0,1837,1198,76
dynamic,2020-10-20,2020-11-12,1842,1892,3,1726,-3100,304
dynamic,2020-11-13,2020-11-25,1897,1931,0,1985,1239,76
dynamic,2020-11-26,2020-12-07,1932,1908,0,1795,1448,76
dynamic,2020-12-08,2021-01-07,1926,1939,3,1362,-1810,304
dynamic,2021-01-08,2021-01-25,1949,1975,0,1733,1139,76
dynamic,2021-01-26,2021-02-04,1992,2006,0,1600,725,76
dynamic,2021-02-05,2021-03-03,1989,2074,3,1549,-25,304
dynamic,2021-03-04,2021-03-29,2065,2182,3,1656,498,304
dynamic,2021-03-30,2021-04-07,2205,2230,0,1566,721,76
dynamic,2021-04-08,2021-05-03,2240,2232,0,1515,287,76
dynamic,2021-05-04,2021-05-28,2195,2255,0,1764,66,76
dynamic,2021-05-31,2021-06-09,2242,2272,0,2084,1531,76
dynamic,2021-06-10,2021-06-16,2268,2286,0,1767,1263,76
dynamic,2021-06-17,2021-07-13,2273,2349,3,1264,-1425,304
dynamic,2021-07-14,2021-08-06,2356,2380,3,1715,-323,304
dynamic,2021-08-09,2021-08-17,2385,2383,0,1741,881,76
dynamic,2021-08-18,2021-09-10,2371,2350,0,1605,243,76
dynamic,2021-09-13,2021-10-06,2335,2221,3,1695,-2253,304
dynamic,2021-10-07,2021-10-26,2258,2344,0,2095,1110,76
dynamic,2021-10-27,2021-11-04,2323,2330,0,1686,886,76
dynamic,2021-11-05,2021-11-30,2325,2242,2,1568,-4166,228
dynamic,2021-12-01,2021-12-27,2291,2407,1,1958,386,152
dynamic,2021-12-28,2022-01-05,2420,2443,0,2222,1189,76
dynamic,2022-01-07,2022-02-01,2401,2313,3,2036,-1126,304
dynamic,2022-02-02,2022-02-25,2324,2142,3,2333,58,304
dynamic,2022-02-28,2022-03-23,2134,2156,3,2303,-2525,304
dynamic,2022-03-24,2022-04-01,2134,2120,0,2241,1082,76
dynamic,2022-04-04,2022-04-13,2136,2099,0,2199,1414,76
dynamic,2022-04-14,2022-05-11,2093,1977,3,1856,-181,304
dynamic,2022-05-12,2022-06-08,1973,2070,3,1840,669,304
dynamic,2022-06-09,2022-07-05,2044,1866,3,2167,-393,304
dynamic,2022-07-06,2022-07-25,1919,1971,0,2168,1337,76
dynamic,2022-07-26,2022-08-05,1963,1999,0,2047,988,76
dynamic,2022-08-08,2022-08-31,2017,1920,3,1753,370,304
dynamic,2022-09-01,2022-09-26,1875,1812,1,2004,-3197,152
dynamic,2022-09-27,2022-10-20,1829,1906,2,1857,48,228
dynamic,2022-10-21,2022-11-02,1902,1981,0,2010,1023,76
dynamic,2022-11-03,2022-11-28,1960,2096,3,1789,-872,304
dynamic,2022-11-29,2022-12-08,2092,2092,0,1903,1450,76
dynamic,2022-12-09,2023-01-04,2116,2120,3,1637,-2134,304
dynamic,2023-01-05,2023-01-26,2137,2191,0,1950,963,76
dynamic,2023-01-27,2023-02-21,2198,2223,1,1987,500,152
dynamic,2023-02-22,2023-03-02,2223,2215,0,1894,1160,76
dynamic,2023-03-03,2023-03-28,2253,2116,3,1969,-1434,304
dynamic,2023-03-29,2023-04-14,2149,2249,0,2182,1048,76
dynamic,2023-04-17,2023-04-25,2250,2249,0,2195,1301,76
dynamic,2023-04-26,2023-05-08,2240,2239,0,1724,1083,76
dynamic,2023-05-09,2023-06-02,2224,2292,3,1563,-1742,304
dynamic,2023-06-05,2023-06-20,2293,2281,0,1853,858,76
dynamic,2023-06-21,2023-07-04,2266,2296,0,1724,978,76
dynamic,2023-07-05,2023-07-28,2279,2254,2,1760,349,228
dynamic,2023-07-31,2023-08-23,2251,2155,3,1697,456,304
dynamic,2023-08-24,2023-09-14,2146,2190,1,1368,654,152
dynamic,2023-09-15,2023-10-10,2195,2193,3,1514,-1866,304
dynamic,2023-10-11,2023-11-03,2194,2127,3,1758,-643,304
dynamic,2023-11-06,2023-11-13,2124,2123,0,1795,823,76
dynamic,2023-11-14,2023-11-28,2170,2215,0,1900,1002,76
dynamic,2023-11-29,2023-12-21,2233,2375,3,1839,801,304
dynamic,2023-12-22,2024-01-19,2377,2298,3,1799,324,304
dynamic,2024-01-22,2024-02-05,2331,2340,0,1777,932,76
dynamic,2024-02-06,2024-02-27,2358,2442,3,1730,601,304
dynamic,2024-02-28,2024-03-22,2447,2534,3,1309,-618,304
dynamic,2024-03-25,2024-04-15,2526,2523,0,1672,787,76
dynamic,2024-04-16,2024-05-13,2492,2625,3,1693,-45,304
dynamic,2024-05-14,2024-05-27,2633,2630,0,1838,888,76
dynamic,2024-05-28,2024-06-24,2616,2595,1,1737,-211,152
dynamic,2024-06-25,2024-07-11,2562,2574,0,1877,971,76
dynamic,2024-07-12,2024-08-06,2631,2403,3,2111,-1832,304
dynamic,2024-08-07,2024-08-29,2442,2588,3,2207,1086,304
dynamic,2024-08-30,2024-09-02,2596,2590,0,1705,968,76
dynamic,2024-09-03,2024-09-26,2566,2642,3,1451,-3853,304
dynamic,2024-09-27,2024-10-14,2639,2598,0,1947,947,76
dynamic,2024-10-15,2024-10-23,2577,2581,0,1862,988,76
dynamic,2024-10-24,2024-11-18,2578,2507,3,1711,-1616,304
dynamic,2024-11-19,2024-11-29,2493,2514,0,1972,944,76
dynamic,2024-12-02,2024-12-10,2548,2595,0,1975,1132,76
dynamic,2024-12-11,2025-01-13,2588,2515,3,1579,-966,304
dynamic,2025-01-14,2025-02-06,2521,2666,3,1704,69,304
dynamic,2025-02-07,2025-03-04,2640,2656,3,1932,-1619,304
dynamic,2025-03-05,2025-03-28,2724,2543,3,2161,-24,304
dynamic,2025-03-31,2025-04-02,2494,2479,0,2266,1152,76
dynamic,2025-04-03,2025-04-30,2385,2434,2,2067,-2925,228
dynamic,2025-05-02,2025-05-08,2463,2449,0,2652,1660,76
dynamic,2025-05-09,2025-05-15,2449,2542,0,2358,1195,76
dynamic,2025-05-16,2025-06-11,2544,2499,0,2109,1544,76
dynamic,2025-06-12,2025-07-08,2481,2522,0,1684,643,76
dynamic,2025-07-09,2025-08-01,2536,2534,0,1857,886,76
dynamic,2025-08-04,2025-08-20,2553,2655,2,2086,851,228
dynamic,2025-08-21,2025-09-15,2647,2637,1,1761,165,152
dynamic,2025-09-16,2025-09-30,2614,2663,0,1987,1093,76
dynamic,2025-10-01,2025-10-24,2677,2787,3,1615,-133,304
dynamic,2025-10-27,2025-11-19,2798,2686,3,1774,-2097,304
dynamic,2025-11-20,2025-12-15,2702,2833,3,1800,614,304
dynamic,2025-12-16,2026-01-16,2813,3039,3,1771,-2886,304
dynamic,2026-01-19,2026-02-10,2985,3137,3,2118,835,304
dynamic,2026-02-11,2026-02-17,3145,3130,0,2081,1103,76
dynamic,2026-02-18,2026-03-13,3166,3019,3,1812,-2074,304
dynamic,2026-03-16,2026-04-10,3028,3110,3,2331,-2379,304
dynamic,2026-04-13,2026-04-23,3103,3131,0,2499,1217,76
dynamic,2026-04-24,2026-05-07,3101,3111,0,2503,1551,76
