top_n,mom_w,reb_w,buf,stop,final,cagr,sharpe,max_dd,monthly,fees,trades,buys,stops,exits
4,12,1,4,0.15,481345.937939993,0.15529539293681593,0.8540709467523837,-0.28725678230662943,2919.3201675172377,48581.471886285784,572,288,9,275
4,12,1,4,0.1,481077.01028789417,0.15523608330340344,0.8536045699379959,-0.2873106906766749,2917.261443822379,48682.806034432404,574,289,21,264
4,8,2,4,0.1,476731.63310600526,0.15311605487205449,0.8456889093561414,-0.23886187333086917,2863.828442223785,51488.06538223023,602,303,31,268
4,8,2,4,0.15,476584.8660936573,0.15308366685056574,0.843953302855517,-0.24407383006559014,2862.712752678745,50476.33800218293,592,298,9,285
4,12,4,4,0.1,473878.4941445971,0.15363721772108274,0.8634055842559795,-0.26258790254321684,2862.154593945215,32746.07450850963,388,196,30,162
4,12,1,8,0.15,468645.6374637984,0.15246104136868288,0.8304487311637262,-0.328416403441388,2822.095470398482,39049.75279689789,438,221,9,208
4,12,1,8,0.1,467994.28869056323,0.1523138055901958,0.8296435850324251,-0.3295436912273547,2817.1091956788277,39450.96790314102,442,223,23,196
4,12,4,4,0.15,465754.0464023712,0.15180597965280995,0.8421252436109804,-0.26057955876340866,2799.95945356443,32322.398851000766,386,195,16,175
4,8,4,4,0.15,466076.1900208207,0.1507407557217335,0.8243866369794456,-0.2754511829135482,2782.8281802594233,44711.5180337219,498,251,8,239
4,12,4,8,0.1,448624.0676061087,0.14784787103642083,0.8268418239730955,-0.3376809728888541,2668.824209698424,27412.774282319067,302,153,27,122
4,8,4,8,0.15,443182.80470863136,0.14546577898145308,0.8035181743772716,-0.27654062694058257,2608.797856723019,36021.99708542062,368,186,11,171
4,8,2,8,0.15,442669.7240906275,0.14534474437752687,0.8051306636457134,-0.27782126207510505,2604.897534217901,40189.760762163154,468,236,10,222
4,12,2,4,0.1,434536.6470538645,0.14448855804458804,0.8075939013729094,-0.28021170686152785,2560.980682772133,41247.79152760218,488,246,31,211
4,8,2,8,0.1,432503.9904758035,0.14291999835535596,0.7961588374253448,-0.2844452149934914,2527.619932594223,40978.24200996778,476,240,23,213
4,26,4,8,0.15,412740.8129883775,0.14284588228289286,0.7462362724182505,-0.2692861825748393,2454.6282865739404,16644.365240000723,248,126,8,114
4,8,4,4,0.1,417655.9966002465,0.13928368357382603,0.7936258957778147,-0.23802994290178314,2414.748850279721,43610.62578763965,508,256,28,224
4,12,2,4,0.15,413088.8950091698,0.1391791459577132,0.7812944334529925,-0.2903063348268592,2396.7915598193176,39589.87831579682,486,245,12,229
4,12,2,8,0.15,407573.55911093054,0.13777338424236918,0.7699059526019331,-0.29922279417636855,2354.5699711868583,31043.065435120578,374,189,11,174
4,8,1,8,0.15,406382.6805855771,0.1364434941391417,0.7607564185092736,-0.32407363248853527,2329.0516584224533,43750.14429406927,550,277,8,265
4,8,4,8,0.1,405087.6680874128,0.13611265837704734,0.7833544613443805,-0.30587127226767896,2319.207267085571,34585.01907117179,378,191,30,157
4,12,2,8,0.1,397463.6274582606,0.1351510758257064,0.7584981547880385,-0.3045320874742454,2277.175342243664,31162.17485649778,380,192,29,159
4,12,4,8,0.15,389114.34212459094,0.13293936717738353,0.7434461776021158,-0.32433895811849756,2213.259001110975,24051.20495068073,304,154,15,135
4,8,1,8,0.1,390958.06434863975,0.13243914136625423,0.7438761770506817,-0.3279900276150882,2211.797223679251,44059.74278122045,560,282,27,251
4,26,4,4,0.15,376025.994500663,0.13286192214069037,0.7184987217037203,-0.26374164039500303,2166.4624052640356,19002.181845162395,306,155,10,141
4,8,4,0,0.1,381976.85547138477,0.1300409039970496,0.7764071262981266,-0.29666754439433973,2143.5241104920765,53381.86384986588,686,345,34,307
4,8,4,0,0.15,381824.2151186984,0.12999970359044788,0.7552529136540022,-0.2667888917122443,2142.3637731457,52247.60965699767,680,342,13,325
4,12,4,0,0.15,379693.57518796605,0.13039147023782083,0.745131431779006,-0.2517891712888648,2141.140139533128,44975.87445230769,572,288,20,264
4,12,2,0,0.15,377685.56430454797,0.12984097865024724,0.744356312334616,-0.2887752905396944,2125.768200080402,59226.44637660452,830,417,11,402
4,12,2,0,0.1,376956.6723304412,0.12964049690815171,0.7474234212347763,-0.29659953081216683,2120.188308364639,60011.2432636599,838,421,37,380
6,26,4,8,0.1,364823.01087949466,0.12963930987335837,0.7868796241527808,-0.262182173825419,2078.53285034673,15945.916406653401,344,175,33,136
4,26,4,4,0.1,364463.6067826348,0.12953444817956683,0.710312923608992,-0.2724873255198017,2075.7119730393106,19404.510242740642,310,157,22,131
6,26,4,8,0.15,363096.2069433393,0.1291346301684677,0.7741676202605527,-0.2793348400167731,2064.9795768019317,15610.205030613895,340,173,11,156
4,26,4,8,0.1,361726.9286035843,0.12873289386419517,0.6919928720830615,-0.3348071576971867,2054.2324366610615,16873.34475762177,260,132,27,101
4,12,1,0,0.15,365717.4391043206,0.1265037319033393,0.733206485964571,-0.3083608085149242,2034.1485293606033,86039.56471514516,1238,621,8,609
4,12,1,0,0.1,365716.53466761595,0.1265034759802437,0.7330004070988183,-0.30838677336379194,2034.1416056201108,86598.31754433637,1246,625,28,593
6,12,2,4,0.15,364961.78131532285,0.12628970726021604,0.7903368755418227,-0.2579822046610264,2028.3637371189989,34295.26908636473,672,339,14,319
6,26,4,4,0.15,356914.7913206197,0.1273100350933527,0.7843924203140876,-0.28958421431843695,2016.4631152195363,18935.88818758965,422,214,14,194
6,12,1,4,0.15,363168.6724055509,0.1257802308668352,0.7931042671071916,-0.2530706066659879,2014.6369382152807,39290.1688343782,800,403,8,389
6,12,1,4,0.1,363168.67240555084,0.1257802308668352,0.7931042671071918,-0.25307060666598813,2014.6369382152802,39290.1688343782,800,403,29,368
6,12,2,4,0.1,359932.92683267005,0.1248550494748637,0.7878713639780047,-0.24283518080102195,1989.8663129953206,34039.157891756055,672,339,39,294
4,12,4,0,0.1,356877.1121361533,0.1239743537161826,0.7343083673052039,-0.2789725448134114,1966.473113844106,44673.00714943032,580,292,40,248
6,26,4,4,0.1,341061.76447125815,0.12249640216979363,0.7672073144508814,-0.2800214258309307,1892.0364765585148,18769.715759073264,426,216,33,177
8,26,4,8,0.15,339371.2380238171,0.12197119185751815,0.7848656344849327,-0.29597431746542013,1878.7679363976101,16937.88819879341,424,216,14,194
8,26,4,4,0.15,334588.13185864064,0.12047224081605079,0.776547025024392,-0.30319251964507055,1841.2264732974147,19987.73309726143,502,255,16,231
6,12,4,0,0.15,337716.5734321507,0.11829083920715844,0.7408756772924479,-0.25185118257178807,1819.7933108252232,36130.57242279909,734,370,25,339
6,8,4,4,0.15,336174.2240735026,0.11695037665667773,0.7279193048800351,-0.24860591460764914,1795.3428934158928,30807.188842680956,650,328,16,306
4,8,1,4,0.15,334920.8364006485,0.11656984751397492,0.6801743634717194,-0.27964886204549766,1785.8149245616232,52508.83339915612,748,376,8,364
8,26,4,8,0.1,327067.0356874504,0.11807552380188135,0.7639601645383818,-0.2961123830935092,1782.195177601024,17261.866414066313,434,221,38,175
6,12,1,8,0.1,332176.81869215117,0.11659301208557471,0.7421820959612371,-0.23943174251809585,1777.3847884663862,31268.072125491133,634,320,32,282
6,12,1,8,0.15,330482.24360845936,0.1160685207088541,0.7383164844084122,-0.23927378799516152,1764.4122962355336,30803.109949127203,626,316,11,299
4,8,1,4,0.1,331664.0096853771,0.11557498934697086,0.6755236032104659,-0.27857199235590735,1761.0572664332333,53105.21343721962,760,382,35,343
8,12,1,4,0.1,329091.2215159502,0.1156361541835671,0.7848286832378065,-0.22359055269828554,1753.763595294702,39533.5382763777,976,492,36,448
4,26,4,0,0.15,323046.20159174065,0.1167736668238799,0.6631098348634163,-0.28169661382961564,1750.636606742807,26390.448757876406,442,223,9,210
6,12,2,0,0.15,328372.360614578,0.11541206229425471,0.7397562805796314,-0.2573740000370497,1748.2604945186665,51535.80312462622,1066,536,13,517
6,12,2,0,0.1,327795.93904540426,0.11523205121969515,0.7406343308635923,-0.25084276124811333,1743.8478105368442,51526.33772518737,1070,538,46,486
8,12,1,4,0.15,327078.02773796266,0.11500745181912952,0.781001855021147,-0.2270236831304332,1738.351979193722,39325.67036689566,972,490,10,472
6,12,4,4,0.1,326016.03341132845,0.11467438329987267,0.7367518215724116,-0.27516286629840847,1730.2220867598867,27042.617767985346,550,278,50,222
8,26,4,4,0.1,316222.81040816114,0.11453043504831029,0.7522584888034628,-0.2997363924866593,1697.0814316138228,20373.608357860554,514,261,45,208
6,8,4,8,0.15,322675.69554306596,0.11278255423345196,0.7139047743482871,-0.24796378198890723,1692.7301406323852,25131.430220827115,510,258,17,235
6,8,4,4,0.1,320710.8491987888,0.1121627230129143,0.7201862090686646,-0.24284559643662795,1677.793824297736,31027.838333636315,666,336,43,287
6,12,4,4,0.15,316712.42953733436,0.11171365560335822,0.7034195639212183,-0.295196487361133,1659.0001443769152,26105.183589420314,540,273,24,243
4,26,4,0,0.1,310116.42016190436,0.11248543034871661,0.6476125929997686,-0.2976744652084766,1649.1538263738948,26266.526019392986,446,225,26,195
6,12,4,0,0.1,315103.1171355429,0.11119352050816422,0.722294769804602,-0.27539466980577465,1646.6803641381005,36353.824879151354,746,376,54,316
6,8,2,8,0.1,315904.0384611903,0.11063169241756743,0.7062976739460225,-0.29499774363432696,1641.2535391264935,30063.91430904292,638,322,42,274
6,8,2,0,0.15,313367.9968685674,0.10981537915474271,0.7074849317153047,-0.22726706752034165,1621.9751260457097,56865.695962472026,1250,628,10,612
6,8,4,0,0.15,311426.33936868375,0.10918632111410909,0.6830779125016454,-0.27791476405404725,1607.2150860475303,41609.22939314173,878,442,21,415
6,8,2,0,0.1,310943.89544691076,0.10902946622537013,0.7037808421594874,-0.23005352750176244,1603.547656759577,56653.759980068266,1252,629,41,582
6,8,4,8,0.1,308277.35098882567,0.10815849399327737,0.7073087235880183,-0.24128294009894202,1583.277190490105,25449.280431309708,528,267,45,216
6,12,1,0,0.15,303304.60888429737,0.10730479396831338,0.7020211097018313,-0.24608785252111076,1556.3591632081996,67163.7118192091,1536,771,6,759
6,12,1,0,0.1,302915.1338141204,0.10717409714214532,0.7011883089796843,-0.2456455637615822,1553.3776120390567,67356.9003712892,1542,774,32,736
6,8,2,8,0.15,301886.3906296874,0.10604282004811427,0.6782861691762654,-0.3195061054433096,1534.6945591386389,29295.225550732597,630,318,15,297
8,12,2,4,0.15,299838.66777027893,0.10613632481640645,0.7267620801536414,-0.2710583606320579,1529.8263204873906,32459.338115798946,818,413,14,391
8,12,2,4,0.1,298526.3773215313,0.10569071017275178,0.7237934740889512,-0.2727395775681911,1519.7803344376532,32754.57207460211,826,417,44,365
8,12,1,8,0.15,298513.59234278294,0.10568636003254239,0.7217437968167688,-0.2368214996468192,1519.6824615023781,31128.15029485129,786,397,6,383
6,8,4,0,0.1,299633.43667784694,0.10528728586799607,0.679533406112836,-0.2660704789179211,1517.568114106385,41517.88118943217,884,445,49,390
6,12,4,8,0.1,298051.4798827438,0.10552901072514209,0.6876555600458555,-0.29798221697711214,1516.1448488257079,21846.26445529173,440,223,51,166
4,26,2,0,0.1,291184.00052617653,0.1059046521966871,0.6076922888476441,-0.3075405292220238,1500.5577658626864,34352.57197691349,636,320,23,293
4,26,2,0,0.15,287712.94873204996,0.10465626329619604,0.6012278084842851,-0.3058296944795853,1473.314305578074,34059.702716199885,638,321,8,309
8,12,1,8,0.1,290673.17006469914,0.1029862150649481,0.7058579540416559,-0.2371938681886755,1459.6616232002716,31503.825421560294,798,403,35,360
6,8,2,4,0.15,291837.72316982655,0.10263251716848187,0.6673505510492935,-0.28018511329457896,1458.3068678775214,37343.04978129958,840,423,14,403
8,8,2,8,0.15,291533.35231706523,0.10252756425820175,0.68618539842034,-0.28114119025336937,1455.9931096779903,29325.89768007371,740,374,16,350
6,8,2,4,0.1,287974.96611238,0.10129312071839824,0.661516302156756,-0.28301149669086967,1428.9430646966946,37496.32997679233,846,426,37,383
8,8,2,8,0.1,287851.7948523293,0.1012501435151536,0.6801597184844015,-0.29105323531535576,1428.0067447097335,29584.82207767867,748,378,46,324
4,8,2,0,0.1,286863.4083120126,0.10090466697342837,0.631864565832836,-0.2540998479699189,1420.4932543698512,57263.5059898595,1006,505,31,470
6,12,4,8,0.15,283575.35662314406,0.10048415526318566,0.6426338669229765,-0.2990668246224516,1405.325683404665,20307.83877041817,424,215,24,185
4,8,2,0,0.15,282842.63024599093,0.09948801628096193,0.6235085025738312,-0.26266582409951,1389.9282113167706,56801.2656871605,1006,505,10,491
6,8,1,8,0.1,278753.26445504755,0.09802830181527522,0.6393211012465017,-0.23492610642503842,1358.8417799326949,33037.1988628235,776,391,37,348
8,26,1,8,0.1,270254.39240225597,0.09816242823180388,0.6833785380357159,-0.24186823147448733,1336.286247742049,28402.440209781646,724,366,29,329
6,26,1,8,0.1,270159.7880300178,0.09812621591491166,0.6487489457201495,-0.2378311402375256,1335.5437205166754,22651.763457904835,548,277,24,247
8,26,1,8,0.15,269938.60399015615,0.09804150705237302,0.682286716877526,-0.2418823611010299,1333.8076995746203,28401.863902490615,724,366,7,351
8,12,4,4,0.1,271620.1255085497,0.09613827368821637,0.6642157402084895,-0.29592897411658203,1313.8047208668213,26056.69347166728,660,334,63,263
6,26,1,8,0.15,266831.0252116337,0.09684467435623301,0.642002886784406,-0.2365354334573373,1309.4170525732598,22289.652779279706,542,274,7,261
6,26,2,8,0.1,265998.8341452074,0.09652202670294296,0.630630625597278,-0.3276149481053766,1302.8853827474861,18448.91418967723,448,227,37,184
8,8,1,8,0.1,269961.7709519787,0.09482308058873601,0.6538873274994671,-0.24931129061926638,1292.010839997715,35937.67389131357,916,462,44,410
6,8,1,8,0.15,269888.7837675762,0.09479607598550022,0.6203584506744466,-0.2425571830549026,1291.4560079734267,32478.085340623864,770,388,9,373
6,12,2,8,0.15,267696.7069668751,0.0946741515543077,0.6256315227216315,-0.2829505397938108,1283.7697480644522,22939.45127058221,540,273,14,253
8,12,4,0,0.15,267382.4460166312,0.09455603583071182,0.6429163682118996,-0.24542118354849662,1281.363984062176,33664.68120161533,854,431,29,394
8,8,1,8,0.15,268078.14565198513,0.09412402260428698,0.6501006097203793,-0.2530525354916979,1277.6919476229514,35532.63633615874,906,457,11,438
6,12,2,8,0.1,265037.7615271931,0.09367077989247363,0.6204609307308446,-0.2716620298470612,1263.4147048500859,23322.306944715492,548,277,44,227
4,26,2,8,0.1,260718.05634099583,0.0944530531951806,0.5601126811381522,-0.2715716459176226,1261.4378132746417,16634.39884394074,332,168,27,137
6,26,2,8,0.15,260610.52135196974,0.0944105286786896,0.6165839907340837,-0.33582152898183304,1260.593796712372,18259.827833973886,446,226,17,203
8,12,4,0,0.1,264647.8816854439,0.09352288821128862,0.6550115079018552,-0.2822574330825216,1260.430055030357,34509.16095905683,876,442,65,369
8,26,2,8,0.1,258699.65070152283,0.09365221551568537,0.6448871831917223,-0.3166399232069014,1245.5958272892215,22218.758571624756,568,288,39,241
8,12,4,4,0.15,262276.46411472315,0.09261906210220516,0.6216958780424413,-0.2732212541369572,1242.276125878241,25294.199542465205,644,326,28,290
8,12,2,0,0.1,262101.64244951247,0.09255213838821397,0.6512929120750997,-0.27642955814783043,1240.9378123885906,49340.749155864694,1258,633,48,577
8,26,4,0,0.15,255875.5892232265,0.09252216774142763,0.6352175637796152,-0.31832799276866275,1223.4304401706954,28485.33948389626,728,368,16,344
4,26,1,0,0.1,254602.72038114455,0.09200913161752333,0.5543209826499684,-0.3090954997965809,1213.4399952555666,47302.30689012624,942,473,16,453
8,12,2,0,0.15,258394.6418925648,0.09112342780282567,0.6426968626594018,-0.2712379869995156,1212.5595856652267,49057.9221752758,1252,630,15,607
4,26,1,0,0.15,254069.04979044897,0.09179334149300833,0.5534658228010344,-0.30806525013082064,1209.2513416701368,47102.59352963453,938,471,6,461
8,8,4,8,0.1,258500.41119641493,0.09049892445843133,0.6216299354924142,-0.28484377414251927,1204.8841822654545,23868.68578272628,608,308,56,244
8,26,2,8,0.15,253200.10146620942,0.09144110146021012,0.6294938768876445,-0.3249443199383283,1202.431172866877,22129.970820396426,566,287,16,263
8,8,4,8,0.15,257184.09327588268,0.0899912001842138,0.6032131961991379,-0.269538749483472,1194.8778319392306,23300.202225826273,594,301,24,269
8,8,4,4,0.15,257063.5191496315,0.08994457487749075,0.6060296711095815,-0.26488759052109123,1193.9612547744528,30388.685560375223,776,392,25,359
4,26,2,8,0.15,251519.29003272156,0.09075664296763497,0.5430972962583671,-0.2845929893823391,1189.238883540733,15771.740921639444,326,165,13,148
8,12,1,0,0.15,254307.356412714,0.08952641327005728,0.6371416010519316,-0.23855044543384685,1181.2701611700156,67221.16646402549,1720,864,7,849
8,12,1,0,0.1,253547.5424852848,0.08922696635189942,0.6351694877994042,-0.23893729512900552,1175.4535524134446,67370.15815443995,1724,866,37,821
8,12,2,8,0.1,253531.94699518586,0.08922081155132955,0.6310376431691681,-0.2797018693810881,1175.334164151401,26431.66031797028,676,342,45,289
6,8,1,4,0.15,252953.97478310397,0.088343434616041,0.5920770614797396,-0.2811216960941675,1162.721430434747,42591.03042109681,1038,522,10,506
8,8,4,4,0.1,251413.43195803073,0.08773711834263609,0.6010537216892278,-0.27247550083450567,1151.0105732324078,30756.648005653376,786,397,60,329
4,26,2,4,0.1,246401.6632876529,0.0886468326031904,0.5370278953215551,-0.31314666798491375,1149.0718479417058,19839.041313634883,402,203,28,171
6,26,2,4,0.1,246143.21235594945,0.08853923309098488,0.5863154157561955,-0.326030254052857,1147.043328025841,21896.49420037079,548,277,36,235
6,26,4,0,0.15,244861.97063189597,0.08800430457200648,0.5766163672056587,-0.2770422771857577,1136.9871663507822,24671.725031556132,607,306,15,286
6,8,1,4,0.1,249241.71393885324,0.08687662852297295,0.5839058638504488,-0.2808037298734548,1134.5016653381233,42957.55206284811,1052,529,38,485
4,26,2,4,0.15,243911.02215259746,0.08760563436237478,0.53026891707214,-0.3342830985890619,1129.5233978261178,19338.665339773186,398,201,13,184
8,8,2,4,0.15,248200.15301724436,0.08646151543144742,0.6016138396455285,-0.2817582565215022,1126.5839554101835,39734.31480483055,1016,512,17,487
6,26,1,4,0.1,242991.9100867844,0.08721897080128782,0.5851792799562465,-0.24123388079771557,1122.3095057417484,27662.44292816161,696,351,28,317
8,26,4,0,0.1,242158.60225486563,0.08686725767456083,0.6080211376403656,-0.3118875507042822,1115.769070689137,28833.604446413043,738,373,47,318
6,26,2,4,0.15,240536.7488053732,0.08617956940303761,0.5713924218877886,-0.3346840421245004,1103.0395285620286,21622.15128770542,544,275,17,252
8,8,2,4,0.1,244743.84166838648,0.0850725701345838,0.5931769969443305,-0.2924704374785514,1100.3098603350434,39876.15365384101,1020,514,47,459
6,26,1,4,0.15,239074.5031785774,0.08555594707640046,0.5757991646135959,-0.24803518238316458,1091.56271028828,27213.95515634538,686,346,8,332
8,26,2,4,0.1,238439.61742763134,0.08528410300858225,0.5922936492487003,-0.3258020177297454,1086.579642974092,26659.094381526946,682,345,50,287
8,12,2,8,0.15,239909.77271948435,0.08370880775779055,0.5967382776018366,-0.29335552185145863,1071.0522402286983,26400.929713148114,676,342,15,319
4,26,1,8,0.1,235454.96712019917,0.08399728920357807,0.5214179066004703,-0.3353785660547398,1063.1538323159004,18936.61449906349,396,200,21,175
6,26,4,0,0.1,235084.06452751835,0.08383634598799894,0.5576337998669522,-0.27745033065919,1060.242706048566,24906.752035134297,618,312,37,269
8,26,2,4,0.15,234147.3959747429,0.08342887764702134,0.5806273187074771,-0.33369713457552297,1052.8910172721085,26418.7953094368,676,342,20,314
4,26,1,8,0.15,234141.19699478624,0.08342617606016756,0.5182261588165247,-0.3336508727658679,1052.842362952245,18427.456102366454,386,195,8,183
8,8,2,0,0.15,237534.99521248814,0.08211733002382426,0.5806671713187955,-0.2756002266941291,1045.5098443506763,56913.22578246117,1458,733,14,711
6,26,1,0,0.15,231374.1576859769,0.08221375057298652,0.5497603859008889,-0.2538589664979778,1031.1245292849208,52930.24747874162,1306,656,7,643
6,26,1,0,0.1,230778.76380310341,0.08195115241628459,0.5481964683130801,-0.25391075756503556,1026.4514242539867,53213.81874503799,1314,660,24,630
4,8,1,0,0.15,233692.05959937302,0.0805084636546487,0.5194565890013334,-0.2462089867491437,1016.2967192946844,77194.77614929959,1516,760,6,750
4,8,1,0,0.1,233121.9097513954,0.08026772195420029,0.518208983314735,-0.2462119486263883,1011.9625694450793,77288.0344662866,1518,761,21,736
8,8,2,0,0.1,228793.53718877412,0.07842244641450935,0.5579856086894683,-0.2792517199071528,979.059262783045,57368.68696188354,1470,739,51,680
8,8,4,0,0.15,224798.71480830575,0.0766909991263589,0.5333648311045052,-0.26483298207574124,948.6915289654861,40365.27463451957,1034,521,26,487
6,26,2,0,0.1,217579.60760482785,0.07596617520707194,0.5109487500269476,-0.3065113512408941,922.8543853718277,35344.693830642726,894,450,34,410
8,8,1,4,0.1,215902.33697696304,0.07273236134646854,0.5260307671028213,-0.2529761693708449,881.0632821519262,48781.69381241226,1250,629,40,581
8,12,4,8,0.1,215035.24940833283,0.07286619530501115,0.5293836488858136,-0.3127761275523002,880.6301317570751,21426.16650906372,548,278,59,211
8,8,4,0,0.1,215047.66389016347,0.0723442890161452,0.5181061145815775,-0.26241144121605176,874.5662511630496,40750.39384527969,1044,526,63,455
6,26,2,0,0.15,211149.10203787233,0.07293023835009937,0.4955021140914092,-0.314802761009328,872.3828760386125,34734.48369172669,882,444,14,424
8,12,4,8,0.15,213136.02659553528,0.0719922108875739,0.5121533396751106,-0.2908809170507125,866.0909983655948,20799.754476127622,532,270,30,232
8,8,1,4,0.15,213259.63630274008,0.07152786404515687,0.5197311867948996,-0.25295429735707275,860.9740709202425,48622.50638124275,1246,627,7,612
4,26,1,4,0.15,209586.9261298026,0.07218007772934643,0.46589215398054434,-0.33372791055800854,860.1217287457108,22277.42760707475,476,240,7,229
4,26,1,4,0.1,209073.92057431498,0.07193262630033948,0.4645517899611435,-0.33178433510927197,856.095270108487,22515.7490481062,480,242,23,215
8,26,1,4,0.1,207725.93401825713,0.07127978572561933,0.5228076573464909,-0.27839891035538533,845.5152441157044,35731.21791064453,916,462,39,415
8,26,1,4,0.15,207165.46207463075,0.07100721464065796,0.5211580566523363,-0.2781350625052965,841.1162330831803,35341.042040473934,906,457,10,439
6,8,1,0,0.15,202095.93262900363,0.06628512947723153,0.4740059927113767,-0.26063749617907794,776.1101272216029,75129.59827958107,1908,957,8,943
6,8,1,0,0.1,201414.6448151512,0.06595672525939533,0.4719482053956308,-0.26073268137717454,770.9311317585326,75335.57165747452,1914,960,34,920
8,26,2,0,0.15,183120.99206713104,0.058634466974541555,0.44051192565774716,-0.3263323696227656,652.3969046011606,41119.98826810456,1054,531,18,505
8,26,2,0,0.1,181569.17496279144,0.057786256748805886,0.43622043961680906,-0.3176841323255213,640.2170610959166,41431.98826810456,1062,535,50,477
8,8,1,0,0.15,170301.23826885223,0.04976474608485493,0.393395557735601,-0.29208598477239633,534.4140708811663,83226.0,2134,1071,7,1056
8,8,1,0,0.1,169951.08610153198,0.04956767031223119,0.39192440463371314,-0.29309267727124455,531.7522935103347,83616.0,2144,1076,35,1033
8,26,1,0,0.15,159642.75635433197,0.04504174475264677,0.3621755400675607,-0.289386038143187,468.12181447523966,62790.44599914551,1610,809,7,794
8,26,1,0,0.1,159559.09202098846,0.044990149433803195,0.3618235416187687,-0.2894070256060062,467.46515301414036,62946.44599914551,1614,811,34,769
