lookback_d,stop,max_hold_d,trend,final,cagr,sharpe,max_dd,monthly,trades_yr,win_rate,avg_hold_d,fees,buys
40,0.03,60,False,144150.99018827057,0.03281322075277604,0.2790816826090566,-0.29086833996590955,324.83581432329845,159.44923857868022,0.5830094392004442,6.598556357579123,140675.5103887024,1806
90,0.03,60,False,137914.98433303833,0.029320444788105693,0.26191323919793225,-0.2631212598901457,284.0357705234689,80.81706866847158,0.5295429208472687,11.162764771460424,70044.0,899
90,0.05,60,False,133442.3920917511,0.02627439071223514,0.24260582314825735,-0.2671087753477226,250.52985707424907,79.19892936254,0.5290102389078498,11.440273037542662,68640.0,881
90,0.05,60,True,130518.63633728027,0.024232542094608345,0.33958472756861074,-0.1812745670288639,228.62687509622648,23.283226679793255,0.5697674418604651,14.833333333333334,20163.0,259
90,0.03,60,True,126613.99593162537,0.0214397639841295,0.3179788051976527,-0.18385421110982636,199.3757078928986,24.092296332759044,0.5692883895131086,13.880149812734082,20865.0,268
60,0.05,60,True,120224.90213680267,0.016507820790396366,0.2013353473678653,-0.3371243793682529,149.81636865148002,57.95643708931613,0.5615384615384615,9.695384615384615,50778.0,652
90,0.05,30,False,116850.66576576233,0.014097742764792809,0.1692505042076405,-0.26086844686050503,126.23483614210949,96.63887521535811,0.5340167753960857,8.183597390493942,83772.0,1075
40,0.05,60,False,116230.02939224243,0.013367254173393128,0.16334795969639848,-0.30993067784518213,119.41056795416462,154.76994198694706,0.5806636155606407,6.8461098398169336,136539.0,1753
90,0.03,15,False,107077.3574295044,0.006166186276439278,0.113107247888987,-0.24138960851230706,53.01921406855525,121.1806546886537,0.5356612184249628,5.343239227340267,105066.0,1348
60,0.03,60,True,105867.23382663727,0.005080996190870657,0.10187762137607817,-0.33395725886927774,43.461652372419536,60.62314431735215,0.5602941176470588,9.001470588235295,53118.0,682
90,0.05,30,True,98518.18766212463,-0.0013411673587654382,0.01155389771594569,-0.18859112578188686,-11.100827721900432,25.081159241939453,0.5412186379928315,9.329749103942651,21762.0,279
90,0.05,15,False,94708.3103466034,-0.004875614415898899,0.030272258559185694,-0.27494073545949216,-39.64208806922451,119.20292887029288,0.5354984894259819,5.424471299093655,103350.0,1326
90,0.03,30,True,92213.95362854004,-0.007260421016338725,-0.08681462536895376,-0.19152315114785068,-58.32827625678379,25.890228894905242,0.5381944444444444,8.92013888888889,22464.0,288
40,0.05,60,True,90387.55513000488,-0.00888307487858453,-0.009534740852961564,-0.3500429039578764,-70.72245364526864,98.70667150108775,0.5982062780269058,7.154260089686098,87087.0,1118
90,0.03,30,False,88156.07977104187,-0.011268515845082705,-0.0051407617389464455,-0.3181855003757501,-88.72737434627443,101.76298301747477,0.5265486725663717,7.665486725663717,88218.0,1132
40,0.03,60,True,80055.56201839447,-0.019448134439004172,-0.09849570411181471,-0.3753714952019501,-146.73890042666628,100.82559825960841,0.5970149253731343,6.870939420544337,88959.0,1142
90,0.05,15,True,77829.0391254425,-0.022281116686223346,-0.44084952538790223,-0.25641273166977574,-166.09121871015105,27.50836820083682,0.5588235294117647,5.803921568627451,23868.0,306
60,0.03,60,False,75840.57554721832,-0.024281754725251514,-0.061129895819819036,-0.40766702428098656,-178.96142170395288,112.62393526405451,0.5482594936708861,8.763449367088608,98709.0,1267
90,0.03,15,True,75665.40191459656,-0.02475601700759189,-0.493572678768435,-0.2763173649598788,-182.2998595186973,28.227541225695298,0.554140127388535,5.649681528662421,24492.0,314
60,0.05,60,False,72087.45464897156,-0.028673776743582513,-0.09084413382306464,-0.4216888456396326,-206.76274011241867,110.13500851788756,0.5444983818770227,8.98462783171521,96525.0,1239
40,0.05,30,False,67174.30115699768,-0.03451838980253197,-0.13872777360441957,-0.4119915539024155,-241.51129043603655,168.45467730239304,0.5654230162900683,6.02154492905938,148629.0,1908
60,0.05,30,True,67087.50428009033,-0.03486040439695193,-0.3278995872205368,-0.4269005253189212,-243.79997285829901,63.912083231929905,0.5354659248956884,6.730180806675939,56082.0,719
60,0.03,30,True,63114.88441371918,-0.04008303597145835,-0.3886601068654139,-0.4399063747842231,-273.22723428021965,65.68988805062058,0.5399188092016238,6.45872801082544,57642.0,739
60,0.05,15,True,57244.90788650513,-0.048376471623452266,-0.5716855020042423,-0.4950771054420363,-316.7092032622293,71.28997322949623,0.5374064837905237,4.65211970074813,62556.0,802
60,0.03,15,True,56471.23697471619,-0.049526814923102735,-0.5929083398330017,-0.5022331075384525,-322.44018607497594,72.26776587977609,0.5399753997539976,4.519065190651906,63414.0,813
40,0.03,30,False,55547.484457969666,-0.05058350416349022,-0.24412325209393151,-0.4968400786606979,-327.0542523109858,177.6366932559826,0.5645241654210265,5.661185849526657,156741.0,2012
60,0.03,15,False,54666.01056957245,-0.052267803476326646,-0.2952464388908102,-0.5088468243513748,-335.8124369161934,160.44688488683377,0.5330005546311702,4.846921797004992,140712.0,1805
60,0.05,30,False,53366.0964345932,-0.0542930973059399,-0.27243658612036725,-0.5051636888825645,-345.4415769705694,130.84643465563397,0.5346938775510204,7.000680272108844,114738.0,1472
60,0.05,15,False,45929.924553871155,-0.06682389815655743,-0.396097039507228,-0.5829993272273065,-400.5251694795685,158.93575079094668,0.5302351623740201,4.90481522956327,139386.0,1788
40,0.05,30,True,43048.062834739685,-0.07171299364266148,-0.6139953623629842,-0.6090169492838533,-419.01730419811724,104.2688542422045,0.5840407470288624,5.825976230899831,92001.0,1181
40,0.03,30,True,39079.150155067444,-0.07960680503656226,-0.6894352743553526,-0.6459621507357027,-448.2181211397473,106.82922407541697,0.5832642916321458,5.659486329743165,94263.0,1210
60,0.03,30,False,38142.90733528137,-0.0821076058980017,-0.4675994835069217,-0.6380196211648395,-458.20765587305266,135.6465076660988,0.5393700787401575,6.65748031496063,118950.0,1526
40,0.05,15,False,34305.03198623657,-0.09013410540434186,-0.5256960984987914,-0.698062122295772,-483.34314452959256,208.89086294416245,0.55,4.4271186440677965,184314.0,2366
40,0.03,15,False,28568.467328071594,-0.1047156112183516,-0.6293658476276929,-0.7408661369739158,-525.5492568774041,211.89267585206673,0.5505430242272348,4.324979114452798,186966.0,2400
40,0.05,15,True,15329.675084114075,-0.15259341936812354,-1.6009071621405115,-0.8681101133154631,-622.9521427670481,122.36802030456853,0.5639913232104121,4.1475054229934925,107991.0,1386
40,0.03,15,True,14327.012948036194,-0.157639194101041,-1.6382048307614039,-0.876995945162779,-630.3291137041693,123.42748368382887,0.5641577060931899,4.096774193548387,108927.0,1398
20,0.03,15,True,2924.428380012512,-0.2663661781142821,-2.7606435310084296,-0.9727026705014662,-709.4208190116133,135.40120048019207,0.5712435233160622,2.8063471502590676,120432.0,1544
20,0.03,60,True,2921.172427177429,-0.26643784397844883,-2.622263870723327,-0.9711107905223493,-709.4446132647748,136.36584633853542,0.5916398713826366,3.6906752411575563,121290.0,1555
20,0.05,60,True,2881.030939102173,-0.26732742624768435,-2.5944907555994074,-0.9714558851697468,-709.7379641755289,133.38421368547418,0.5910585141354372,3.7922419460881,118638.0,1521
20,0.05,15,True,2845.247564315796,-0.2681300123892981,-2.9233739605101197,-0.9733741401060443,-709.9994663292048,137.24279711884753,0.5750798722044729,2.8926517571884984,122070.0,1565
20,0.03,15,False,2828.0453491210938,-0.26851912398859556,-2.3271686642416243,-0.973349396125461,-710.125178796189,151.8001800720288,0.5649913344887348,3.4939341421143846,135018.0,1731
20,0.03,30,False,2827.0169649124146,-0.2685424542322311,-2.117164741981942,-0.9746824757480367,-710.1326941489745,171.88235294117646,0.5801020408163265,3.8862244897959184,152880.0,1960
20,0.03,60,False,2811.31689453125,-0.26889959565707666,-1.8872117749583663,-0.9747180952431045,-710.247429057072,192.84147659063626,0.5743519781718963,4.173260572987722,171522.0,2199
20,0.05,15,False,2792.4083490371704,-0.26933214601046374,-2.288663978710175,-0.9736852279298586,-710.3856112547854,157.14957983193278,0.5636160714285714,3.6205357142857144,139776.0,1792
20,0.03,30,True,2779.22110748291,-0.2696354007673559,-2.6214620791028422,-0.9730705946007301,-710.4819826028785,136.19045618247299,0.5866065679330328,3.359304571796523,121134.0,1553
20,0.05,30,True,2757.0131273269653,-0.2701490765548392,-2.680849051255832,-0.9735523025911857,-710.6442768156028,136.36584633853542,0.5877813504823152,3.4668810289389067,121290.0,1555
20,0.05,30,False,2639.650372505188,-0.27292805186869384,-2.1175767705014623,-0.9761628039055169,-711.5019548107739,174.0747298919568,0.5702770780856423,4.07455919395466,154830.0,1985
20,0.05,60,False,2606.3734254837036,-0.2737365147407157,-1.928042343040898,-0.9769484154054403,-711.7451401829147,199.330912364946,0.5697316322041355,4.21997360316762,177294.0,2273
