date,action,spot,cashflow,n_contracts
2015-02-02,OPEN,1575.949951171875,535.7433743463491,1
2015-02-11,COVER_CLOSE,1593.030029296875,-216.51450326824715,1
2015-02-11,OPEN,1593.030029296875,13.316540776128704,1
2015-02-18,ROLL_PUT_SIDE,1652.1500244140625,82.43290437194622,1
2015-02-19,ROLL_PUT_SIDE,1662.239990234375,-93.82677694171356,1
2015-02-20,ROLL_PUT_SIDE,1664.3299560546875,-155.27520741666763,1
2015-02-20,COVER_CLOSE,1664.3299560546875,-1415.9300141518695,1
2015-02-20,OPEN,1664.3299560546875,94.71194627376138,1
2015-03-03,COVER_CLOSE,1661.8699951171875,-180.87172505254674,1
2015-03-03,OPEN,1661.8699951171875,11.579984646801478,1
2015-03-12,COVER_CLOSE,1661.68994140625,-167.92950032207497,1
2015-03-12,OPEN,1661.68994140625,-64.5412333842203,1
2015-03-23,COVER_CLOSE,1698.3800048828125,-318.4142372704441,1
2015-03-23,OPEN,1698.3800048828125,-14.42279424134395,1
2015-04-01,COVER_CLOSE,1669.489990234375,-263.9610795108088,1
2015-04-01,OPEN,1669.489990234375,74.42404241141358,1
2015-04-14,COVER_CLOSE,1701.3900146484375,-315.91466215644664,1
2015-04-14,OPEN,1701.3900146484375,46.310323094296564,1
2015-04-23,COVER_CLOSE,1689.77001953125,-238.58404753497751,1
2015-04-23,OPEN,1689.77001953125,188.60081622688057,1
2015-04-30,ROLL_CALL_SIDE,1628.0400390625,325.2108825484525,1
2015-05-05,ROLL_CALL_SIDE,1595.47998046875,138.02754022797154,1
2015-05-05,COVER_CLOSE,1595.47998046875,-2744.6380086237086,1
2015-05-05,OPEN,1595.47998046875,589.6107210811754,1
2015-05-15,COVER_CLOSE,1616.47998046875,-627.0059071769999,1
2015-05-15,OPEN,1616.47998046875,700.4459120436634,1
2015-05-26,COVER_CLOSE,1638.489990234375,-490.6227679330258,1
2015-05-26,OPEN,1638.489990234375,488.32735556457624,1
2015-06-04,COVER_CLOSE,1625.02001953125,-189.2992249857051,1
2015-06-04,OPEN,1625.02001953125,11.91359358953099,1
2015-06-15,COVER_CLOSE,1566.989990234375,-669.1949958573766,1
2015-06-15,OPEN,1566.989990234375,56.12154288600527,1
2015-06-23,ROLL_PUT_SIDE,1620.949951171875,235.8222588421644,1
2015-06-25,COVER_CLOSE,1601.1199951171875,-1135.7563054911557,1
2015-06-25,OPEN,1601.1199951171875,302.8201508666315,1
2015-06-30,ROLL_CALL_SIDE,1541.6600341796875,420.75150589081,1
2015-07-01,ROLL_PUT_SIDE,1575.5,-121.37996108224036,1
2015-07-02,ROLL_PUT_SIDE,1562.0999755859375,-486.6310293824099,1
2015-07-06,COVER_CLOSE,1526.93994140625,-1815.890657821587,1
2015-07-06,OPEN,1526.93994140625,679.9490556512544,1
2015-07-10,ROLL_PUT_SIDE,1590.5400390625,513.1365412248845,1
2015-07-13,ROLL_PUT_SIDE,1614.4200439453125,71.35989544396807,1
2015-07-14,ROLL_PUT_SIDE,1616.25,-213.26690986128153,1
2015-07-15,COVER_CLOSE,1601.969970703125,-2763.0667608139324,1
2015-07-15,OPEN,1601.969970703125,887.447826320559,1
2015-07-16,ROLL_PUT_SIDE,1636.1199951171875,461.0620340372176,1
2015-07-17,ROLL_PUT_SIDE,1635.469970703125,-319.26221354183394,1
2015-07-20,ROLL_PUT_SIDE,1653.43994140625,-2.1293365353820946,1
2015-07-24,COVER_CLOSE,1612.800048828125,-2031.8975809314295,1
2015-07-24,OPEN,1612.800048828125,834.4683109525098,1
2015-08-04,COVER_CLOSE,1611.8800048828125,-314.0668009490403,1
2015-08-04,OPEN,1611.8800048828125,379.25481336589223,1
2015-08-13,COVER_CLOSE,1594.1500244140625,-299.1175746708095,1
2015-08-13,OPEN,1594.1500244140625,268.48407018936587,1
2015-08-20,ROLL_CALL_SIDE,1534.3900146484375,230.17416217064653,1
2015-08-21,ROLL_CALL_SIDE,1495.3599853515625,166.71912886329892,1
2015-08-21,BUTTERFLY_CLOSE,1495.3599853515625,-2989.194811294837,1
2015-08-21,OPEN,1495.3599853515625,438.14874240357096,1
2015-08-24,ROLL_CALL_SIDE,1428.0799560546875,553.3228653196088,1
2015-08-25,ROLL_PUT_SIDE,1483.3499755859375,-43.450702087254626,1
2015-08-26,ROLL_PUT_SIDE,1458.199951171875,-811.5730152821525,1
2015-09-01,COVER_CLOSE,1469.8699951171875,-2687.811712803479,1
2015-09-01,OPEN,1469.8699951171875,1254.290985847067,1
2015-09-03,ROLL_PUT_SIDE,1500.2099609375,365.1136686845289,1
2015-09-04,ROLL_CALL_SIDE,1461.4599609375,90.93358549207278,1
2015-09-07,ROLL_PUT_SIDE,1471.75,-889.0317263148117,1
2015-09-10,COVER_CLOSE,1494.3499755859375,-2342.358815350558,1
2015-09-10,OPEN,1494.3499755859375,1319.0178419947754,1
2015-09-18,ROLL_CALL_SIDE,1453.1099853515625,447.706267021789,1
2015-09-21,ROLL_PUT_SIDE,1462.6600341796875,-258.3931235044623,1
2015-09-21,COVER_CLOSE,1462.6600341796875,-1774.1278089585562,1
2015-09-21,OPEN,1462.6600341796875,986.7795569313655,1
2015-09-22,ROLL_CALL_SIDE,1425.3900146484375,420.1461721823366,1
2015-09-23,ROLL_CALL_SIDE,1421.5,-230.79340062814083,1
2015-09-24,ROLL_CALL_SIDE,1381.8699951171875,244.02209028845004,1
2015-09-30,COVER_CLOSE,1416.8900146484375,-2627.849668530546,1
2015-09-30,OPEN,1416.8900146484375,906.6120465300992,1
2015-10-05,ROLL_PUT_SIDE,1456.969970703125,443.60882268693115,1
2015-10-06,ROLL_PUT_SIDE,1457.1500244140625,-274.97050322745554,1
2015-10-07,ROLL_PUT_SIDE,1452.010009765625,-350.48943714208804,1
2015-10-09,COVER_CLOSE,1483.739990234375,-1989.3197453793557,1
2015-10-09,OPEN,1483.739990234375,940.855185466457,1
2015-10-14,ROLL_CALL_SIDE,1442.75,444.0506988316889,1
2015-10-15,ROLL_PUT_SIDE,1453.8699951171875,-267.00841389220807,1
2015-10-16,ROLL_PUT_SIDE,1452.3599853515625,-280.00311628972406,1
2015-10-20,COVER_CLOSE,1466.6700439453125,-1559.7262360379157,1
2015-10-20,OPEN,1466.6700439453125,715.0873477277686,1
2015-10-23,ROLL_PUT_SIDE,1506.5899658203125,350.4059617866,1
2015-10-29,COVER_CLOSE,1495.8599853515625,-998.2024530451127,1
2015-10-29,OPEN,1495.8599853515625,365.785177797751,1
2015-11-09,COVER_CLOSE,1511.550048828125,-273.5063206365846,1
2015-11-09,OPEN,1511.550048828125,153.41471806125156,1
2015-11-18,COVER_CLOSE,1514.1800537109375,-270.2343296737082,1
2015-11-18,OPEN,1514.1800537109375,262.69957565908453,1
2015-11-27,COVER_CLOSE,1522.0,-251.06254610674827,1
2015-11-27,OPEN,1522.0,185.51444510310097,1
2015-12-08,ROLL_CALL_SIDE,1454.989990234375,204.3478559392792,1
2015-12-08,COVER_CLOSE,1454.989990234375,-1762.129311355406,1
2015-12-08,OPEN,1454.989990234375,450.4495946227546,1
2015-12-11,ROLL_CALL_SIDE,1401.1400146484375,378.88469147886065,1
2015-12-14,ROLL_CALL_SIDE,1389.260009765625,-45.27276498155953,1
2015-12-15,ROLL_PUT_SIDE,1426.469970703125,-192.35865574618725,1
2015-12-17,COVER_CLOSE,1438.3199462890625,-2238.2210373267126,1
2015-12-17,OPEN,1438.3199462890625,561.0048651035871,1
2015-12-30,COVER_CLOSE,1446.8199462890625,-498.0528119008737,1
2015-12-30,OPEN,1446.8199462890625,608.5879763916755,1
2016-01-04,ROLL_CALL_SIDE,1394.3900146484375,495.52665251447263,1
2016-01-05,ROLL_CALL_SIDE,1387.030029296875,-176.7809717954583,1
2016-01-07,ROLL_CALL_SIDE,1357.1199951171875,146.59376391728637,1
2016-01-07,BUTTERFLY_CLOSE,1357.1199951171875,-3295.9377372930508,1
2016-01-07,OPEN,1357.1199951171875,773.3690136730072,1
2016-01-15,ROLL_CALL_SIDE,1305.239990234375,351.3181379990318,1
2016-01-18,ROLL_CALL_SIDE,1306.02001953125,-237.63904781859253,1
2016-01-18,COVER_CLOSE,1306.02001953125,-1725.702621604915,1
2016-01-18,OPEN,1306.02001953125,693.8011831038787,1
2016-01-22,ROLL_PUT_SIDE,1361.3599853515625,492.2508487063362,1
2016-01-25,ROLL_PUT_SIDE,1354.4100341796875,-416.7212400937856,1
2016-01-26,ROLL_PUT_SIDE,1375.739990234375,27.618939895204562,1
2016-01-27,COVER_CLOSE,1365.5899658203125,-2526.8580803477803,1
2016-01-27,OPEN,1365.5899658203125,1028.0156254331832,1
2016-01-28,ROLL_CALL_SIDE,1333.3199462890625,326.4855348467567,1
2016-01-29,ROLL_PUT_SIDE,1356.3199462890625,-56.051845689944344,1
2016-02-01,ROLL_PUT_SIDE,1342.4300537109375,-583.845471558645,1
2016-02-05,COVER_CLOSE,1330.1099853515625,-1773.750657295934,1
2016-02-05,OPEN,1330.1099853515625,975.2539260496833,1
2016-02-08,ROLL_CALL_SIDE,1273.949951171875,462.5391366438132,1
2016-02-09,ROLL_PUT_SIDE,1271.449951171875,-948.171557090121,1
2016-02-10,ROLL_PUT_SIDE,1297.8199462890625,34.9118012935694,1
2016-02-16,COVER_CLOSE,1328.1400146484375,-2876.9228565175063,1
2016-02-16,OPEN,1328.1400146484375,1395.8660937310942,1
2016-02-17,ROLL_PUT_SIDE,1374.25,360.8458526561768,1
2016-02-18,ROLL_PUT_SIDE,1362.97998046875,-638.2738795950366,1
2016-02-19,ROLL_PUT_SIDE,1355.949951171875,-521.9182168382315,1
2016-02-25,COVER_CLOSE,1360.969970703125,-2239.4858841263062,1
2016-02-25,OPEN,1360.969970703125,1425.387986925017,1
2016-02-26,ROLL_PUT_SIDE,1370.800048828125,31.548670597768933,1
2016-02-29,ROLL_PUT_SIDE,1372.5400390625,-427.5657292067417,1
2016-03-01,ROLL_PUT_SIDE,1391.449951171875,-153.74240620174976,1
2016-03-07,COVER_CLOSE,1397.0400390625,-1967.2632432304388,1
2016-03-07,OPEN,1397.0400390625,1226.6168915996918,1
2016-03-16,COVER_CLOSE,1393.0999755859375,-465.4557571511004,1
2016-03-16,OPEN,1393.0999755859375,588.3486987082102,1
2016-03-29,COVER_CLOSE,1348.699951171875,-573.6694983975117,1
2016-03-29,OPEN,1348.699951171875,125.4036720519864,1
2016-04-07,COVER_CLOSE,1330.8399658203125,-368.7899873251775,1
2016-04-07,OPEN,1330.8399658203125,336.1555053439886,1
2016-04-08,ROLL_PUT_SIDE,1364.93994140625,348.2086679568142,1
2016-04-11,ROLL_PUT_SIDE,1368.6199951171875,-180.31405802753466,1
2016-04-13,ROLL_PUT_SIDE,1392.5899658203125,76.12186679696987,1
2016-04-18,COVER_CLOSE,1381.8900146484375,-1568.1106038483526,1
2016-04-18,OPEN,1381.8900146484375,398.3971559444375,1
2016-04-20,ROLL_PUT_SIDE,1419.6700439453125,344.45805488645243,1
2016-04-22,ROLL_CALL_SIDE,1396.3699951171875,-47.43197899023875,1
2016-04-25,ROLL_CALL_SIDE,1389.5699462890625,-111.69936450812173,1
2016-04-27,COVER_CLOSE,1386.780029296875,-1459.4340405412356,1
2016-04-27,OPEN,1386.780029296875,321.3316640703748,1
2016-05-03,ROLL_CALL_SIDE,1335.3900146484375,268.46218746926434,1
2016-05-04,ROLL_CALL_SIDE,1319.1700439453125,7.40736222856998,1
2016-05-06,ROLL_CALL_SIDE,1309.1700439453125,-62.433811282273524,1
2016-05-09,COVER_CLOSE,1328.199951171875,-1608.317645845084,1
2016-05-09,OPEN,1328.199951171875,179.0585250601036,1
2016-05-18,COVER_CLOSE,1340.9300537109375,-217.3225432596824,1
2016-05-18,OPEN,1340.9300537109375,28.55524614534059,1
2016-05-27,COVER_CLOSE,1376.5,-569.969543976312,1
2016-05-27,OPEN,1376.5,216.77688560413196,1
2016-06-08,COVER_CLOSE,1361.489990234375,-215.84189195991735,1
2016-06-08,OPEN,1361.489990234375,56.27343766543018,1
2016-06-10,ROLL_CALL_SIDE,1315.06005859375,248.74521005099626,1
2016-06-13,ROLL_CALL_SIDE,1294.510009765625,51.59016160398053,1
2016-06-14,ROLL_CALL_SIDE,1273.969970703125,47.562633152167905,1
2016-06-14,BUTTERFLY_CLOSE,1273.969970703125,-2727.219913855958,1
2016-06-14,OPEN,1273.969970703125,239.19485429389619,1
2016-06-20,ROLL_PUT_SIDE,1340.2900390625,392.0423233188743,1
2016-06-21,ROLL_PUT_SIDE,1344.5899658203125,-166.22627871934753,1
2016-06-22,ROLL_PUT_SIDE,1354.5999755859375,-75.82062079115849,1
2016-06-22,BUTTERFLY_CLOSE,1354.5999755859375,-2711.311672775028,1
2016-06-22,OPEN,1354.5999755859375,654.3713696247419,1
2016-06-27,ROLL_CALL_SIDE,1246.0999755859375,668.6966792012421,1
2016-06-27,BUTTERFLY_CLOSE,1246.0999755859375,-4254.204043617719,1
2016-06-27,OPEN,1246.0999755859375,1305.4525611854087,1
2016-06-28,ROLL_PUT_SIDE,1278.52001953125,209.92344869713088,1
2016-06-29,ROLL_PUT_SIDE,1309.5699462890625,-89.34066515714085,1
2016-06-30,ROLL_PUT_SIDE,1323.5799560546875,-284.2088731039112,1
2016-06-30,BUTTERFLY_CLOSE,1323.5799560546875,-3573.789003907479,1
2016-06-30,OPEN,1323.5799560546875,1479.861524907215,1
2016-07-01,ROLL_PUT_SIDE,1340.260009765625,29.8528072255707,1
2016-07-04,ROLL_PUT_SIDE,1325.5400390625,-728.7485864718085,1
2016-07-05,ROLL_CALL_SIDE,1303.010009765625,56.57833774093126,1
2016-07-11,COVER_CLOSE,1350.0899658203125,-2928.057213108751,1
2016-07-11,OPEN,1350.0899658203125,1534.5363094030458,1
2016-07-12,ROLL_PUT_SIDE,1354.510009765625,-108.7934807777317,1
2016-07-13,ROLL_PUT_SIDE,1356.3499755859375,-478.26826917389826,1
2016-07-14,ROLL_PUT_SIDE,1364.9200439453125,-345.88194067386326,1
2016-07-20,COVER_CLOSE,1386.5899658203125,-2089.8109536861502,1
2016-07-20,OPEN,1386.5899658203125,1456.4066955631342,1
2016-07-29,COVER_CLOSE,1386.6600341796875,-206.53984018168336,1
2016-07-29,OPEN,1386.6600341796875,90.85923472399463,1
2016-08-09,COVER_CLOSE,1411.3499755859375,-220.58417524465926,1
2016-08-09,OPEN,1411.3499755859375,-76.83063670046772,1
2016-08-18,COVER_CLOSE,1403.02001953125,-179.26764682529543,1
2016-08-18,OPEN,1403.02001953125,-19.61740250319437,1
2016-08-29,COVER_CLOSE,1411.97998046875,-196.03183463088035,1
2016-08-29,OPEN,1411.97998046875,8.815220315931441,1
2016-09-07,COVER_CLOSE,1441.52001953125,-211.82583607003778,1
2016-09-07,OPEN,1441.52001953125,-119.13393794225432,1
2016-09-16,COVER_CLOSE,1405.31005859375,-196.52129773254387,1
2016-09-16,OPEN,1405.31005859375,-140.06983853190997,1
2016-09-27,COVER_CLOSE,1421.199951171875,-187.10801979475846,1
2016-09-27,OPEN,1421.199951171875,-74.20411570907198,1
2016-10-06,COVER_CLOSE,1458.3800048828125,-306.49881703909847,1
2016-10-06,OPEN,1458.3800048828125,-86.89194863887812,1
2016-10-17,COVER_CLOSE,1438.280029296875,-201.21742009222226,1
2016-10-17,OPEN,1438.280029296875,-21.610127414494627,1
2016-10-26,COVER_CLOSE,1454.2099609375,-186.8662380155095,1
2016-10-26,OPEN,1454.2099609375,-72.28993217918175,1
2016-11-04,COVER_CLOSE,1406.0999755859375,-463.34113131628993,1
2016-11-04,OPEN,1406.0999755859375,-29.070204668277597,1
2016-11-09,ROLL_PUT_SIDE,1456.7099609375,87.87254944162751,1
2016-11-10,ROLL_PUT_SIDE,1460.52001953125,-139.01404607934467,1
2016-11-15,ROLL_PUT_SIDE,1466.4599609375,-131.63676332528627,1
2016-11-15,COVER_CLOSE,1466.4599609375,-1070.9778352657477,1
2016-11-15,OPEN,1466.4599609375,1.3741212142068093,1
2016-11-24,COVER_CLOSE,1484.3299560546875,-224.9183176666681,1
2016-11-24,OPEN,1484.3299560546875,11.25654054324201,1
2016-12-05,COVER_CLOSE,1483.2900390625,-165.4230420993845,1
2016-12-05,OPEN,1483.2900390625,-86.06771693137517,1
2016-12-13,ROLL_PUT_SIDE,1551.0,-124.66129396881949,1
2016-12-14,COVER_CLOSE,1541.3900146484375,-653.9291820668241,1
2016-12-14,OPEN,1541.3900146484375,-124.90848492706212,1
2016-12-23,COVER_CLOSE,1525.800048828125,-168.27455366440603,1
2016-12-23,OPEN,1525.800048828125,-101.40865647487458,1
2017-01-04,COVER_CLOSE,1530.9300537109375,-160.79716556357678,1
2017-01-04,OPEN,1530.9300537109375,-142.89402752776112,1
2017-01-16,COVER_CLOSE,1512.969970703125,-161.16774701560166,1
2017-01-16,OPEN,1512.969970703125,-150.13600829507155,1
2017-01-25,COVER_CLOSE,1545.989990234375,-279.8640670396405,1
2017-01-25,OPEN,1545.989990234375,-53.155017907301456,1
2017-02-03,COVER_CLOSE,1557.31005859375,-186.26613270416507,1
2017-02-03,OPEN,1557.31005859375,-31.8150047396569,1
2017-02-14,COVER_CLOSE,1569.75,-172.0073566540683,1
2017-02-14,OPEN,1569.75,-94.28126044405309,1
2017-02-23,COVER_CLOSE,1588.300048828125,-161.1127854290387,1
2017-02-23,OPEN,1588.300048828125,-155.72020494262273,1
2017-03-06,COVER_CLOSE,1575.52001953125,-160.8268237049216,1
2017-03-06,OPEN,1575.52001953125,-144.93078225160576,1
2017-03-15,COVER_CLOSE,1588.8900146484375,-162.01407218632926,1
2017-03-15,OPEN,1588.8900146484375,-145.3483159767882,1
2017-03-24,COVER_CLOSE,1579.699951171875,-160.38535598681497,1
2017-03-24,OPEN,1579.699951171875,-147.22436157617048,1
2017-04-04,COVER_CLOSE,1567.300048828125,-160.14457181036713,1
2017-04-04,OPEN,1567.300048828125,-155.28534950067558,1
2017-04-13,COVER_CLOSE,1572.81005859375,-160.08587198215218,1
2017-04-13,OPEN,1572.81005859375,-156.10104183091966,1
2017-04-26,COVER_CLOSE,1620.280029296875,-354.6267880804494,1
2017-04-26,OPEN,1620.280029296875,-110.76402405022554,1
2017-05-08,COVER_CLOSE,1639.489990234375,-167.1796764404073,1
2017-05-08,OPEN,1639.489990234375,-136.11300632127183,1
2017-05-17,COVER_CLOSE,1628.3699951171875,-165.47957976925122,1
2017-05-17,OPEN,1628.3699951171875,-96.79617920204423,1
2017-05-29,COVER_CLOSE,1631.9100341796875,-160.606707336387,1
2017-05-29,OPEN,1631.9100341796875,-142.84359197721443,1
2017-06-08,COVER_CLOSE,1643.77001953125,-160.81578507663414,1
2017-06-08,OPEN,1643.77001953125,-150.86255030410956,1
2017-06-19,COVER_CLOSE,1653.4000244140625,-161.3346743121934,1
2017-06-19,OPEN,1653.4000244140625,-142.9164623313939,1
2017-06-29,COVER_CLOSE,1613.219970703125,-201.22936482929015,1
2017-06-29,OPEN,1613.219970703125,-132.90590195194926,1
2017-07-10,COVER_CLOSE,1624.81005859375,-172.48409850783574,1
2017-07-10,OPEN,1624.81005859375,-85.09281944920893,1
2017-07-19,COVER_CLOSE,1609.9599609375,-190.1791291697989,1
2017-07-19,OPEN,1609.9599609375,4.911691440440535,1
2017-07-28,COVER_CLOSE,1557.56005859375,-536.1823946953122,1
2017-07-28,OPEN,1557.56005859375,36.66677176622284,1
2017-08-08,COVER_CLOSE,1581.3199462890625,-259.5429336071642,1
2017-08-08,OPEN,1581.3199462890625,31.571521925559153,1
2017-08-17,COVER_CLOSE,1540.0899658203125,-283.619711641613,1
2017-08-17,OPEN,1540.0899658203125,-67.67218619770773,1
2017-08-28,COVER_CLOSE,1536.8800048828125,-164.90674489172514,1
2017-08-28,OPEN,1536.8800048828125,-88.39153570001224,1
2017-09-06,COVER_CLOSE,1541.27001953125,-168.91419819271945,1
2017-09-06,OPEN,1541.27001953125,-73.65238681620534,1
2017-09-15,COVER_CLOSE,1578.8699951171875,-247.81786844503728,1
2017-09-15,OPEN,1578.8699951171875,-117.44956325503026,1
2017-09-26,COVER_CLOSE,1610.760009765625,-168.6927929993619,1
2017-09-26,OPEN,1610.760009765625,-155.8497002276394,1
2017-10-05,COVER_CLOSE,1653.1500244140625,-166.86093487867532,1
2017-10-05,OPEN,1653.1500244140625,-159.78497146649332,1
2017-10-16,COVER_CLOSE,1638.3299560546875,-160.0000667885591,1
2017-10-16,OPEN,1638.3299560546875,-159.98161852885096,1
2017-10-25,COVER_CLOSE,1649.739990234375,-160.0355752587366,1
2017-10-25,OPEN,1649.739990234375,-159.07737726688228,1
2017-11-03,COVER_CLOSE,1677.6500244140625,-160.66713584397405,1
2017-11-03,OPEN,1677.6500244140625,-159.48643939549564,1
2017-11-14,COVER_CLOSE,1628.47998046875,-206.40295992243708,1
2017-11-14,OPEN,1628.47998046875,-152.0454630516406,1
2017-11-23,COVER_CLOSE,1612.5699462890625,-160.75600863111296,1
2017-11-23,OPEN,1612.5699462890625,-149.4850061643942,1
2017-12-04,COVER_CLOSE,1616.800048828125,-165.80125441283414,1
2017-12-04,OPEN,1616.800048828125,-92.03996405078492,1
2017-12-13,COVER_CLOSE,1619.8199462890625,-167.95321883619275,1
2017-12-13,OPEN,1619.8199462890625,-72.92145620548634,1
2017-12-22,COVER_CLOSE,1606.25,-179.1656329989848,1
2017-12-22,OPEN,1606.25,-32.603742296071516,1
2018-01-05,COVER_CLOSE,1611.31005859375,-167.98377132640294,1
2018-01-05,OPEN,1611.31005859375,-79.95292114104,1
2018-01-16,COVER_CLOSE,1623.3299560546875,-166.81485720225538,1
2018-01-16,OPEN,1623.3299560546875,-114.4804189716305,1
2018-01-25,COVER_CLOSE,1604.489990234375,-163.54755668415396,1
2018-01-25,OPEN,1604.489990234375,-135.08542365084514,1
2018-02-05,COVER_CLOSE,1546.3299560546875,-573.6443981880223,1
2018-02-05,OPEN,1546.3299560546875,-35.76851045000592,1
2018-02-14,COVER_CLOSE,1532.1500244140625,-455.91667183115095,1
2018-02-14,OPEN,1532.1500244140625,563.0309672381385,1
2018-02-21,ROLL_PUT_SIDE,1575.1199951171875,346.42447684119156,1
2018-02-23,COVER_CLOSE,1577.1099853515625,-1344.1403882331329,1
2018-02-23,OPEN,1577.1099853515625,596.3845926947183,1
2018-03-02,ROLL_CALL_SIDE,1526.4599609375,405.5371636459362,1
2018-03-05,ROLL_PUT_SIDE,1547.93994140625,-162.47342328251375,1
2018-03-06,ROLL_PUT_SIDE,1559.93994140625,-49.66174915660167,1
2018-03-06,COVER_CLOSE,1559.93994140625,-1754.5986194812926,1
2018-03-06,OPEN,1559.93994140625,491.7231105170955,1
2018-03-15,COVER_CLOSE,1592.280029296875,-361.45693187045254,1
2018-03-15,OPEN,1592.280029296875,79.15949467277659,1
2018-03-22,ROLL_CALL_SIDE,1515.8399658203125,211.37832904749814,1
2018-03-23,ROLL_CALL_SIDE,1513.1800537109375,-155.03437583193295,1
2018-03-26,ROLL_CALL_SIDE,1496.5899658203125,-21.715516016472407,1
2018-03-26,BUTTERFLY_CLOSE,1496.5899658203125,-2599.6770653431313,1
2018-03-26,OPEN,1496.5899658203125,254.93983524233056,1
2018-04-06,COVER_CLOSE,1511.3699951171875,-386.43321657632504,1
2018-04-06,OPEN,1511.3699951171875,386.0927034246869,1
2018-04-17,COVER_CLOSE,1545.1600341796875,-636.2564505859154,1
2018-04-17,OPEN,1545.1600341796875,441.6534684558426,1
2018-04-26,COVER_CLOSE,1573.760009765625,-453.28103197907546,1
2018-04-26,OPEN,1573.760009765625,286.9566568141982,1
2018-05-08,COVER_CLOSE,1608.93994140625,-407.3684735746357,1
2018-05-08,OPEN,1608.93994140625,101.23511375346254,1
2018-05-18,COVER_CLOSE,1621.6099853515625,-203.89175747668304,1
2018-05-18,OPEN,1621.6099853515625,22.07020516765516,1
2018-05-29,COVER_CLOSE,1572.300048828125,-417.7052286608521,1
2018-05-29,OPEN,1572.300048828125,-19.989102407264483,1
2018-06-08,COVER_CLOSE,1555.8699951171875,-163.34168890161936,1
2018-06-08,OPEN,1555.8699951171875,-131.61106652509224,1
2018-06-19,COVER_CLOSE,1564.8699951171875,-166.23129231720918,1
2018-06-19,OPEN,1564.8699951171875,-107.97117814120622,1
2018-06-29,COVER_CLOSE,1558.8800048828125,-183.5803995838446,1
2018-06-29,OPEN,1558.8800048828125,16.16361911622377,1
2018-07-10,COVER_CLOSE,1548.3800048828125,-190.79214160192632,1
2018-07-10,OPEN,1548.3800048828125,28.427334134374632,1
2018-07-19,COVER_CLOSE,1584.3399658203125,-423.348415873605,1
2018-07-19,OPEN,1584.3399658203125,100.2764781568003,1
2018-07-30,COVER_CLOSE,1611.0699462890625,-211.32499674549624,1
2018-07-30,OPEN,1611.0699462890625,-82.57847274505136,1
2018-08-08,COVER_CLOSE,1622.6300048828125,-162.0028018286054,1
2018-08-08,OPEN,1622.6300048828125,-141.52673765432604,1
2018-08-17,COVER_CLOSE,1622.7099609375,-163.0302097671507,1
2018-08-17,OPEN,1622.7099609375,-106.609134658417,1
2018-08-28,COVER_CLOSE,1671.1500244140625,-312.52661435773035,1
2018-08-28,OPEN,1671.1500244140625,-129.187630162919,1
2018-09-06,COVER_CLOSE,1632.4200439453125,-205.61798844966836,1
2018-09-06,OPEN,1632.4200439453125,-120.59226492289721,1
2018-09-17,COVER_CLOSE,1640.5999755859375,-160.71924941639895,1
2018-09-17,OPEN,1640.5999755859375,-147.36662709615632,1
2018-09-26,COVER_CLOSE,1658.2900390625,-166.58233839378508,1
2018-09-26,OPEN,1658.2900390625,-133.30044190460694,1
2018-10-05,COVER_CLOSE,1634.8599853515625,-171.95308280570393,1
2018-10-05,OPEN,1634.8599853515625,-113.63177730612283,1
2018-10-11,ROLL_CALL_SIDE,1550.4100341796875,210.69824469155844,1
2018-10-12,ROLL_CALL_SIDE,1536.4599609375,-32.489851625520686,1
2018-10-12,BUTTERFLY_CLOSE,1536.4599609375,-2725.443394029266,1
2018-10-12,OPEN,1536.4599609375,163.7604653955662,1
2018-10-23,COVER_CLOSE,1508.8800048828125,-286.2769191870478,1
2018-10-23,OPEN,1508.8800048828125,97.14783044348843,1
2018-11-01,COVER_CLOSE,1531.260009765625,-371.94303242271184,1
2018-11-01,OPEN,1531.260009765625,251.07708413721775,1
2018-11-12,COVER_CLOSE,1514.5899658203125,-202.38831175880958,1
2018-11-12,OPEN,1514.5899658203125,22.55394046661658,1
2018-11-20,ROLL_CALL_SIDE,1456.8499755859375,55.39398985018377,1
2018-11-21,COVER_CLOSE,1478.43994140625,-1066.3599556284184,1
2018-11-21,OPEN,1478.43994140625,175.18044738076333,1
2018-11-30,COVER_CLOSE,1514.6300048828125,-412.7205329528764,1
2018-11-30,OPEN,1514.6300048828125,56.91393910255661,1
2018-12-06,ROLL_CALL_SIDE,1436.6600341796875,332.27846261178667,1
2018-12-07,ROLL_PUT_SIDE,1454.030029296875,-860.6610013223433,1
2018-12-11,ROLL_PUT_SIDE,1465.2900390625,-50.2037265698379,1
2018-12-11,COVER_CLOSE,1465.2900390625,-1772.3398182152205,1
2018-12-11,OPEN,1465.2900390625,606.1532387092464,1
2018-12-20,COVER_CLOSE,1419.010009765625,-967.1819362684109,1
2018-12-20,OPEN,1419.010009765625,632.0379672191049,1
2019-01-07,COVER_CLOSE,1439.9300537109375,-792.9433006916619,1
2019-01-07,OPEN,1439.9300537109375,850.6729248991975,1
2019-01-09,ROLL_PUT_SIDE,1470.510009765625,393.79635685852395,1
2019-01-16,COVER_CLOSE,1468.8499755859375,-906.5533842525417,1
2019-01-16,OPEN,1468.8499755859375,409.6795730814923,1
2019-01-25,COVER_CLOSE,1501.1199951171875,-505.20768413085375,1
2019-01-25,OPEN,1501.1199951171875,262.2007837038545,1
2019-02-05,COVER_CLOSE,1542.489990234375,-291.6835730118802,1
2019-02-05,OPEN,1542.489990234375,-116.30579214354603,1
2019-02-14,COVER_CLOSE,1562.3599853515625,-190.34195493127007,1
2019-02-14,OPEN,1562.3599853515625,-81.27503613843112,1
2019-02-25,COVER_CLOSE,1586.550048828125,-186.97098007399995,1
2019-02-25,OPEN,1586.550048828125,-112.36004056176137,1
2019-03-06,COVER_CLOSE,1572.6300048828125,-167.33933513892754,1
2019-03-06,OPEN,1572.6300048828125,-97.08552475332644,1
2019-03-15,COVER_CLOSE,1595.760009765625,-171.3964110639492,1
2019-03-15,OPEN,1595.760009765625,-137.963739248051,1
2019-03-26,COVER_CLOSE,1574.1600341796875,-173.2973140694224,1
2019-03-26,OPEN,1574.1600341796875,-104.7552690310941,1
2019-04-04,COVER_CLOSE,1616.239990234375,-430.0797033560009,1
2019-04-04,OPEN,1616.239990234375,12.820540651889047,1
2019-04-15,COVER_CLOSE,1642.6300048828125,-254.90983934192525,1
2019-04-15,OPEN,1642.6300048828125,2.3889645859262316,1
2019-04-26,COVER_CLOSE,1689.0400390625,-298.4080361787607,1
2019-04-26,OPEN,1689.0400390625,-122.36093643987252,1
2019-05-07,ROLL_CALL_SIDE,1617.8499755859375,-53.722271472846984,1
2019-05-08,COVER_CLOSE,1623.3699951171875,-778.3071734114833,1
2019-05-08,OPEN,1623.3699951171875,-62.940855335794026,1
2019-05-17,COVER_CLOSE,1606.8599853515625,-250.99736829097003,1
2019-05-17,OPEN,1606.8599853515625,172.59447039657806,1
2019-05-28,COVER_CLOSE,1565.1199951171875,-539.5562987727624,1
2019-05-28,OPEN,1565.1199951171875,265.48051098988503,1
2019-05-31,ROLL_CALL_SIDE,1510.4599609375,367.9277308720766,1
2019-06-04,ROLL_PUT_SIDE,1537.31005859375,-144.44961987791783,1
2019-06-05,ROLL_PUT_SIDE,1542.0,-133.7643102418969,1
2019-06-11,COVER_CLOSE,1593.3599853515625,-3296.099100870594,1
2019-06-11,OPEN,1593.3599853515625,479.9717978854867,1
2019-06-24,COVER_CLOSE,1610.93994140625,-376.78716259366956,1
2019-06-24,OPEN,1610.93994140625,353.7492278075855,1
2019-07-03,COVER_CLOSE,1648.8399658203125,-403.2725184858471,1
2019-07-03,OPEN,1648.8399658203125,61.666980201031805,1
2019-07-12,COVER_CLOSE,1625.6199951171875,-177.22049427977743,1
2019-07-12,OPEN,1625.6199951171875,-95.67896473509506,1
2019-07-23,COVER_CLOSE,1624.77001953125,-208.93668670329552,1
2019-07-23,OPEN,1624.77001953125,117.62892171045712,1
2019-08-01,COVER_CLOSE,1612.9100341796875,-212.61213272470823,1
2019-08-01,OPEN,1612.9100341796875,102.3223633974286,1
2019-08-06,ROLL_CALL_SIDE,1523.030029296875,468.5965648687305,1
2019-08-07,ROLL_CALL_SIDE,1528.18994140625,-336.68484467327846,1
2019-08-08,ROLL_PUT_SIDE,1550.6199951171875,-859.529338024039,1
2019-08-13,COVER_CLOSE,1543.3599853515625,-1506.8946114807575,1
2019-08-13,OPEN,1543.3599853515625,578.6132603471743,1
2019-08-14,ROLL_CALL_SIDE,1500.06005859375,464.9042000245148,1
2019-08-15,ROLL_CALL_SIDE,1495.7099609375,-199.3828564069371,1
2019-08-16,ROLL_PUT_SIDE,1519.4100341796875,-126.69553478364492,1
2019-08-22,COVER_CLOSE,1535.510009765625,-1902.236223887833,1
2019-08-22,OPEN,1535.510009765625,619.4010539036677,1
2019-09-02,COVER_CLOSE,1570.18994140625,-743.8091881819242,1
2019-09-02,OPEN,1570.18994140625,588.7223044644572,1
2019-09-10,ROLL_PUT_SIDE,1624.97998046875,115.06276373954125,1
2019-09-11,ROLL_PUT_SIDE,1637.6199951171875,-120.21839920761835,1
2019-09-11,COVER_CLOSE,1637.6199951171875,-1023.2690804539483,1
2019-09-11,OPEN,1637.6199951171875,-55.987999878801446,1
2019-09-20,COVER_CLOSE,1666.8900146484375,-187.74208123216908,1
2019-09-20,OPEN,1666.8900146484375,-128.08203602109657,1
2019-10-01,COVER_CLOSE,1635.6400146484375,-211.80600661347216,1
2019-10-01,OPEN,1635.6400146484375,-63.53396918103661,1
2019-10-10,COVER_CLOSE,1630.030029296875,-227.65294171745927,1
2019-10-10,OPEN,1630.030029296875,175.24251600454204,1
2019-10-18,ROLL_PUT_SIDE,1697.9100341796875,125.42619738637711,1
2019-10-21,ROLL_PUT_SIDE,1724.3599853515625,-9.939126335517358,1
2019-10-21,COVER_CLOSE,1724.3599853515625,-2473.400233191522,1
2019-10-21,OPEN,1724.3599853515625,214.12709208264323,1
2019-10-30,COVER_CLOSE,1746.81005859375,-185.6936279977285,1
2019-10-30,OPEN,1746.81005859375,-93.79895368403412,1
2019-11-08,COVER_CLOSE,1772.56005859375,-196.66268539574125,1
2019-11-08,OPEN,1772.56005859375,-86.64503255770313,1
2019-11-19,COVER_CLOSE,1743.25,-182.4556106903484,1
2019-11-19,OPEN,1743.25,-102.46336132042853,1
2019-11-28,COVER_CLOSE,1735.300048828125,-161.9359093908219,1
2019-11-28,OPEN,1735.300048828125,-119.77354540575311,1
2019-12-09,COVER_CLOSE,1743.31005859375,-168.5213156919337,1
2019-12-09,OPEN,1743.31005859375,-84.25372231361979,1
2019-12-18,COVER_CLOSE,1787.9599609375,-322.5938109820587,1
2019-12-18,OPEN,1787.9599609375,-75.99609442233105,1
2020-01-03,COVER_CLOSE,1785.22998046875,-216.23208972168348,1
2020-01-03,OPEN,1785.22998046875,154.97544565080153,1
2020-01-15,COVER_CLOSE,1787.2900390625,-175.57733586801098,1
2020-01-15,OPEN,1787.2900390625,-18.950705786311914,1
2020-01-24,COVER_CLOSE,1812.8499755859375,-269.0056150554368,1
2020-01-24,OPEN,1812.8499755859375,70.4290754846792,1
2020-02-04,COVER_CLOSE,1821.0400390625,-223.3920442480329,1
2020-02-04,OPEN,1821.0400390625,137.54645926976713,1
2020-02-11,ROLL_PUT_SIDE,1884.1300048828125,163.36871151092936,1
2020-02-12,ROLL_PUT_SIDE,1889.75,-125.81949079777056,1
2020-02-13,COVER_CLOSE,1883.02001953125,-1174.2005426680676,1
2020-02-13,OPEN,1883.02001953125,196.02873757704145,1
2020-02-24,ROLL_CALL_SIDE,1798.199951171875,335.50859233619644,1
2020-02-24,COVER_CLOSE,1798.199951171875,-2314.438614959948,1
2020-02-24,OPEN,1798.199951171875,681.8957033139957,1
2020-02-27,ROLL_CALL_SIDE,1721.5899658203125,656.7648547939934,1
2020-02-28,ROLL_CALL_SIDE,1668.8399658203125,371.992664985135,1
2020-02-28,BUTTERFLY_CLOSE,1668.8399658203125,-4613.702531917706,1
2020-02-28,OPEN,1668.8399658203125,1133.3360510349712,1
2020-03-04,ROLL_PUT_SIDE,1704.199951171875,477.78103809076606,1
2020-03-05,ROLL_CALL_SIDE,1683.18994140625,-26.205729653945014,1
2020-03-06,ROLL_CALL_SIDE,1629.0,360.8156012743194,1
2020-03-06,BUTTERFLY_CLOSE,1629.0,-3901.7160031622893,1
2020-03-06,OPEN,1629.0,1125.5916383200642,1
2020-03-09,ROLL_CALL_SIDE,1542.43994140625,700.7446367773297,1
2020-03-10,ROLL_PUT_SIDE,1533.7900390625,-1645.8666233044282,1
2020-03-11,ROLL_CALL_SIDE,1511.9599609375,85.97570268556092,1
2020-03-17,COVER_CLOSE,1372.7900390625,-5075.226744957051,1
2020-03-17,OPEN,1372.7900390625,1733.6807473333622,1
2020-03-18,ROLL_CALL_SIDE,1337.239990234375,-35.744018582662534,1
2020-03-19,ROLL_PUT_SIDE,1380.5799560546875,-249.1019643596112,1
2020-03-20,ROLL_PUT_SIDE,1355.5400390625,-994.8766199672089,1
2020-03-26,COVER_CLOSE,1470.8900146484375,-4283.536950360431,1
2020-03-26,OPEN,1470.8900146484375,1986.770625451095,1
2020-03-27,ROLL_CALL_SIDE,1419.2900390625,-244.56901741806223,1
2020-03-30,ROLL_PUT_SIDE,1449.199951171875,-824.3424228990007,1
2020-03-31,ROLL_PUT_SIDE,1482.4300537109375,-528.8649786687993,1
2020-03-31,BUTTERFLY_CLOSE,1482.4300537109375,-4937.153994853653,1
2020-03-31,OPEN,1482.4300537109375,2008.3415839558975,1
2020-04-01,ROLL_CALL_SIDE,1425.989990234375,-256.2764213694834,1
2020-04-02,ROLL_PUT_SIDE,1427.18994140625,-1234.734520050677,1
2020-04-03,ROLL_PUT_SIDE,1404.5899658203125,-1150.4757735668895,1
2020-04-09,COVER_CLOSE,1498.760009765625,-3321.3951465182176,1
2020-04-09,OPEN,1498.760009765625,1920.106513638757,1
2020-04-14,ROLL_PUT_SIDE,1535.8399658203125,-3.8271512438968784,1
2020-04-15,ROLL_PUT_SIDE,1480.5999755859375,-1494.8000890727599,1
2020-04-16,ROLL_PUT_SIDE,1483.7900390625,-622.5961554419707,1
2020-04-22,COVER_CLOSE,1527.6300048828125,-2379.18246627777,1
2020-04-22,OPEN,1527.6300048828125,1883.5949557001,1
2020-04-23,ROLL_PUT_SIDE,1541.8900146484375,4.425021195339468,1
2020-04-24,ROLL_CALL_SIDE,1514.1300048828125,-12.296162113218998,1
2020-04-27,ROLL_PUT_SIDE,1539.510009765625,-536.8864310908596,1
2020-05-04,COVER_CLOSE,1505.2099609375,-3034.1028922017817,1
2020-05-04,OPEN,1505.2099609375,1619.11705144165,1
2020-05-05,ROLL_PUT_SIDE,1538.1800537109375,244.23130477980158,1
2020-05-06,ROLL_PUT_SIDE,1521.4000244140625,-774.4216198060456,1
2020-05-07,ROLL_PUT_SIDE,1537.739990234375,-211.96609884579334,1
2020-05-13,COVER_CLOSE,1522.6400146484375,-2432.342685781219,1
2020-05-13,OPEN,1522.6400146484375,1540.906941028075,1
2020-05-14,ROLL_CALL_SIDE,1476.52001953125,370.5038190660291,1
2020-05-15,ROLL_PUT_SIDE,1493.6199951171875,-413.0411919441076,1
2020-05-18,ROLL_PUT_SIDE,1566.1600341796875,407.18313944280237,1
2020-05-18,BUTTERFLY_CLOSE,1566.1600341796875,-4670.668437799306,1
2020-05-18,OPEN,1566.1600341796875,1650.9988910956292,1
2020-05-25,ROLL_PUT_SIDE,1588.5999755859375,304.6864239695158,1
2020-05-26,ROLL_PUT_SIDE,1606.6500244140625,-110.3768038252773,1
2020-05-27,ROLL_PUT_SIDE,1623.3900146484375,-101.13370232045918,1
2020-05-28,COVER_CLOSE,1657.5799560546875,-3154.096688838216,1
2020-05-28,OPEN,1657.5799560546875,1627.6211181939518,1
2020-05-29,ROLL_CALL_SIDE,1629.760009765625,223.51088415174456,1
2020-06-01,ROLL_PUT_SIDE,1649.3800048828125,-76.30209922477229,1
2020-06-02,ROLL_PUT_SIDE,1666.97998046875,-81.45460176853214,1
2020-06-08,COVER_CLOSE,1717.6600341796875,-3604.023365550302,1
2020-06-08,OPEN,1717.6600341796875,1386.5353541172717,1
2020-06-11,ROLL_CALL_SIDE,1609.06005859375,813.0927208010391,1
2020-06-11,BUTTERFLY_CLOSE,1609.06005859375,-4476.8119456920795,1
2020-06-11,OPEN,1609.06005859375,1521.0550214024167,1
2020-06-16,ROLL_PUT_SIDE,1671.8399658203125,627.5634929872616,1
2020-06-17,ROLL_PUT_SIDE,1677.530029296875,-244.68181299174694,1
2020-06-18,ROLL_PUT_SIDE,1667.9300537109375,-489.39896902308647,1
2020-06-23,COVER_CLOSE,1683.3599853515625,-2628.371971499392,1
2020-06-23,OPEN,1683.3599853515625,1300.8475511987292,1
2020-06-24,ROLL_CALL_SIDE,1642.9100341796875,438.68197552140214,1
2020-06-25,ROLL_PUT_SIDE,1660.9599609375,-192.2496958377285,1
2020-06-26,ROLL_PUT_SIDE,1657.6600341796875,-415.1847207344572,1
2020-07-02,COVER_CLOSE,1703.8199462890625,-2782.6366524943096,1
2020-07-02,OPEN,1703.8199462890625,1224.7012949063487,1
2020-07-13,COVER_CLOSE,1742.72998046875,-825.1302693695923,1
2020-07-13,OPEN,1742.72998046875,685.4634434135831,1
2020-07-22,COVER_CLOSE,1779.8499755859375,-436.3585182069138,1
2020-07-22,OPEN,1779.8499755859375,165.84311573225625,1
2020-07-31,ROLL_CALL_SIDE,1707.3499755859375,184.1869433159979,1
2020-07-31,COVER_CLOSE,1707.3499755859375,-1639.8105497850713,1
2020-07-31,OPEN,1707.3499755859375,398.67289455574087,1
2020-08-11,ROLL_PUT_SIDE,1786.280029296875,167.18117640215962,1
2020-08-11,COVER_CLOSE,1786.280029296875,-2037.445305843348,1
2020-08-11,OPEN,1786.280029296875,455.9833994678477,1
2020-08-20,COVER_CLOSE,1751.9300537109375,-566.0201913625658,1
2020-08-20,OPEN,1751.9300537109375,537.8480306909852,1
2020-08-31,COVER_CLOSE,1766.3299560546875,-284.3469745844051,1
2020-08-31,OPEN,1766.3299560546875,234.42754392076796,1
2020-09-09,COVER_CLOSE,1812.5799560546875,-740.2864998391456,1
2020-09-09,OPEN,1812.5799560546875,408.2154188753193,1
2020-09-18,COVER_CLOSE,1835.3599853515625,-300.80854355385736,1
2020-09-18,OPEN,1835.3599853515625,177.59145680366453,1
2020-09-21,ROLL_CALL_SIDE,1770.6099853515625,532.829237754594,1
2020-09-23,ROLL_PUT_SIDE,1795.6400146484375,-266.17264426652514,1
2020-09-28,ROLL_PUT_SIDE,1834.6400146484375,209.4849400900481,1
2020-09-29,COVER_CLOSE,1836.5999755859375,-3116.5314566988636,1
2020-09-29,OPEN,1836.5999755859375,790.0171635113755,1
2020-10-08,COVER_CLOSE,1841.4000244140625,-403.94976783255987,1
2020-10-08,OPEN,1841.4000244140625,565.2634465142535,1
2020-10-19,COVER_CLOSE,1841.5899658203125,-239.54083213485532,1
2020-10-19,OPEN,1841.5899658203125,226.12770702750174,1
2020-10-27,ROLL_CALL_SIDE,1764.010009765625,90.7354325972374,1
2020-10-28,ROLL_CALL_SIDE,1722.6600341796875,85.72721595359519,1
2020-10-28,BUTTERFLY_CLOSE,1722.6600341796875,-3352.3827331599373,1
2020-10-28,OPEN,1722.6600341796875,287.3764685376188,1
2020-11-04,ROLL_PUT_SIDE,1795.530029296875,306.4709897648581,1
2020-11-05,ROLL_PUT_SIDE,1822.2099609375,83.75183327142074,1
2020-11-06,ROLL_PUT_SIDE,1819.52001953125,-241.07692645886692,1
2020-11-06,COVER_CLOSE,1819.52001953125,-2807.7335409421203,1
2020-11-06,OPEN,1819.52001953125,595.3260513219631,1
2020-11-09,ROLL_PUT_SIDE,1888.739990234375,676.9367516300761,1
2020-11-10,ROLL_PUT_SIDE,1885.5400390625,-360.9446805815519,1
2020-11-11,ROLL_PUT_SIDE,1902.8900146484375,-27.962126705655237,1
2020-11-17,COVER_CLOSE,1922.199951171875,-2974.272066132596,1
2020-11-17,OPEN,1922.199951171875,941.7205647930703,1
2020-11-26,COVER_CLOSE,1931.969970703125,-281.03000575097633,1
2020-11-26,OPEN,1931.969970703125,293.22134439923235,1
2020-12-07,COVER_CLOSE,1907.6099853515625,-161.6274106150868,1
2020-12-07,OPEN,1907.6099853515625,-148.7365975743302,1
2020-12-16,COVER_CLOSE,1892.260009765625,-160.510931770586,1
2020-12-16,OPEN,1892.260009765625,-148.56005765214502,1
2020-12-29,COVER_CLOSE,1893.06005859375,-173.0039293002308,1
2020-12-29,OPEN,1893.06005859375,-27.172473485827226,1
2021-01-12,COVER_CLOSE,1958.6199951171875,-969.3487791249635,1
2021-01-12,OPEN,1958.6199951171875,243.15738593323528,1
2021-01-21,COVER_CLOSE,1987.260009765625,-351.9233490012607,1
2021-01-21,OPEN,1987.260009765625,226.86427707129928,1
2021-02-01,COVER_CLOSE,1977.81005859375,-202.22276297056823,1
2021-02-01,OPEN,1977.81005859375,108.78754199369189,1
2021-02-10,COVER_CLOSE,1998.06005859375,-182.2689745874135,1
2021-02-10,OPEN,1998.06005859375,-73.90686430876981,1
2021-02-22,COVER_CLOSE,2031.0400390625,-231.24622537821938,1
2021-02-22,OPEN,2031.0400390625,-45.56508806378697,1
2021-03-03,COVER_CLOSE,2073.780029296875,-361.27590299532244,1
2021-03-03,OPEN,2073.780029296875,54.719800291426424,1
2021-03-11,ROLL_PUT_SIDE,2165.659912109375,193.06061929171977,1
2021-03-12,ROLL_PUT_SIDE,2168.9599609375,-151.94261548879018,1
2021-03-12,COVER_CLOSE,2168.9599609375,-2162.9774500323924,1
2021-03-12,OPEN,2168.9599609375,376.13973480868515,1
2021-03-23,COVER_CLOSE,2168.1201171875,-250.59317573783497,1
2021-03-23,OPEN,2168.1201171875,288.06461382373675,1
2021-04-01,COVER_CLOSE,2202.610107421875,-322.7948477399003,1
2021-04-01,OPEN,2202.610107421875,134.52784220858013,1
2021-04-14,COVER_CLOSE,2228.159912109375,-185.57068748618394,1
2021-04-14,OPEN,2228.159912109375,-78.00242237431335,1
2021-04-23,COVER_CLOSE,2240.949951171875,-280.19683634274827,1
2021-04-23,OPEN,2240.949951171875,302.90802264016594,1
2021-05-04,COVER_CLOSE,2194.580078125,-452.7786293218728,1
2021-05-04,OPEN,2194.580078125,311.08804625802,1
2021-05-05,ROLL_PUT_SIDE,2255.489990234375,595.6644178212202,1
2021-05-07,ROLL_PUT_SIDE,2260.1298828125,-176.26576173491628,1
2021-05-10,ROLL_PUT_SIDE,2265.010009765625,-161.72787673972744,1
2021-05-14,COVER_CLOSE,2247.8798828125,-2237.620446253036,1
2021-05-14,OPEN,2247.8798828125,1134.5521475096475,1
2021-05-25,COVER_CLOSE,2243.169921875,-674.5957890621205,1
2021-05-25,OPEN,2243.169921875,1077.378219019066,1
2021-06-03,COVER_CLOSE,2273.35009765625,-581.9209720846017,1
2021-06-03,OPEN,2273.35009765625,685.3679262636115,1
2021-06-14,COVER_CLOSE,2284.639892578125,-185.62855795132415,1
2021-06-14,OPEN,2284.639892578125,10.27491121760633,1
2021-06-23,COVER_CLOSE,2242.239990234375,-173.86297549145112,1
2021-06-23,OPEN,2242.239990234375,-136.01620844785543,1
2021-07-05,COVER_CLOSE,2299.070068359375,-316.5639932469171,1
2021-07-05,OPEN,2299.070068359375,-89.3800841833118,1
2021-07-14,COVER_CLOSE,2356.340087890625,-573.9574463969291,1
2021-07-14,OPEN,2356.340087890625,185.8944948091215,1
2021-07-23,COVER_CLOSE,2384.68994140625,-388.4693098219902,1
2021-07-23,OPEN,2384.68994140625,389.8144858459899,1
2021-08-03,COVER_CLOSE,2380.139892578125,-249.2650822238418,1
2021-08-03,OPEN,2380.139892578125,304.93811559939076,1
2021-08-12,COVER_CLOSE,2405.530029296875,-209.5913710040943,1
2021-08-12,OPEN,2405.530029296875,7.224065186961667,1
2021-08-23,COVER_CLOSE,2371.550048828125,-184.61227114827733,1
2021-08-23,OPEN,2371.550048828125,-68.38842650857032,1
2021-09-01,COVER_CLOSE,2368.669921875,-166.7167751902464,1
2021-09-01,OPEN,2368.669921875,-57.302295926863565,1
2021-09-10,COVER_CLOSE,2349.669921875,-201.4494061177199,1
2021-09-10,OPEN,2349.669921875,87.90454314143741,1
2021-09-21,COVER_CLOSE,2274.8798828125,-607.0170136238623,1
2021-09-21,OPEN,2274.8798828125,60.405722403739986,1
2021-09-30,COVER_CLOSE,2259.179931640625,-292.60479873409497,1
2021-09-30,OPEN,2259.179931640625,377.03017461523393,1
2021-10-11,COVER_CLOSE,2233.52001953125,-409.00765521531576,1
2021-10-11,OPEN,2233.52001953125,540.5500377402592,1
2021-10-15,ROLL_PUT_SIDE,2314.97998046875,485.45518922710255,1
2021-10-18,ROLL_PUT_SIDE,2311.699951171875,-252.0607591390451,1
2021-10-19,ROLL_PUT_SIDE,2326.659912109375,-39.007702078137754,1
2021-10-20,COVER_CLOSE,2326.25,-1973.771762951283,1
2021-10-20,OPEN,2326.25,405.0981298256638,1
2021-10-29,COVER_CLOSE,2290.85009765625,-278.52244102499225,1
2021-10-29,OPEN,2290.85009765625,159.36582411699277,1
2021-11-09,COVER_CLOSE,2327.1201171875,-191.02072712643738,1
2021-11-09,OPEN,2327.1201171875,-109.3636686903137,1
2021-11-18,COVER_CLOSE,2373.0400390625,-197.626698477772,1
2021-11-18,OPEN,2373.0400390625,-130.9749385922808,1
2021-11-26,ROLL_CALL_SIDE,2242.179931640625,302.8126486030704,1
2021-11-29,ROLL_CALL_SIDE,2272.27001953125,-786.5527708837978,1
2021-11-29,COVER_CLOSE,2272.27001953125,-2187.8745333697916,1
2021-11-29,OPEN,2272.27001953125,530.9363855224456,1
2021-12-07,ROLL_PUT_SIDE,2334.85009765625,594.6817036899595,1
2021-12-08,COVER_CLOSE,2326.550048828125,-2175.264288479887,1
2021-12-08,OPEN,2326.550048828125,1229.1230032093968,1
2021-12-17,COVER_CLOSE,2305.919921875,-811.996788751413,1
2021-12-17,OPEN,2305.919921875,1214.654278216895,1
2021-12-23,ROLL_PUT_SIDE,2385.6298828125,816.1966142972426,1
2021-12-27,ROLL_PUT_SIDE,2406.610107421875,37.80525139589946,1
2021-12-28,ROLL_PUT_SIDE,2420.469970703125,-43.398125485173466,1
2021-12-29,COVER_CLOSE,2418.89990234375,-2876.9701913742197,1
2021-12-29,OPEN,2418.89990234375,615.4185333328375,1
2022-01-11,COVER_CLOSE,2379.18994140625,-436.7423538290964,1
2022-01-11,OPEN,2379.18994140625,448.1718559714013,1
2022-01-20,COVER_CLOSE,2354.510009765625,-452.6313965186041,1
2022-01-20,OPEN,2354.510009765625,658.9102196367431,1
2022-01-24,ROLL_CALL_SIDE,2223.989990234375,955.409936579485,1
2022-01-25,ROLL_PUT_SIDE,2239.719970703125,-1853.5132653373194,1
2022-01-26,ROLL_PUT_SIDE,2286.110107421875,335.20146895772024,1
2022-01-31,COVER_CLOSE,2290.159912109375,-3516.1769726063767,1
2022-01-31,OPEN,2290.159912109375,1244.6740683057023,1
2022-02-09,COVER_CLOSE,2313.139892578125,-925.4619464846068,1
2022-02-09,OPEN,2313.139892578125,1282.9006220514868,1
2022-02-14,ROLL_CALL_SIDE,2240.969970703125,799.2490213045572,1
2022-02-15,ROLL_PUT_SIDE,2282.06005859375,-51.990495121109234,1
2022-02-16,ROLL_PUT_SIDE,2263.409912109375,-660.7888508568825,1
2022-02-18,COVER_CLOSE,2197.719970703125,-3083.51397325958,1
2022-02-18,OPEN,2197.719970703125,1332.3748281646122,1
2022-02-24,ROLL_CALL_SIDE,2078.06005859375,699.421616271462,1
2022-02-25,ROLL_PUT_SIDE,2141.52001953125,-498.5276810776161,1
2022-02-28,ROLL_PUT_SIDE,2134.070068359375,-405.62687842528817,1
2022-03-01,COVER_CLOSE,2084.929931640625,-3218.53869041831,1
2022-03-01,OPEN,2084.929931640625,1265.5102631326515,1
2022-03-04,ROLL_CALL_SIDE,1985.5400390625,858.9253880817981,1
2022-03-07,ROLL_CALL_SIDE,1980.3499755859375,-250.5067124159384,1
2022-03-08,ROLL_CALL_SIDE,1972.0400390625,-174.53559535747183,1
2022-03-10,COVER_CLOSE,2038.9200439453125,-4013.7289270399824,1
2022-03-10,OPEN,2038.9200439453125,1589.0377601034172,1
2022-03-11,ROLL_PUT_SIDE,2070.800048828125,499.7117632159536,1
2022-03-14,ROLL_PUT_SIDE,2096.43994140625,-46.1657002570978,1
2022-03-15,ROLL_PUT_SIDE,2085.080078125,-591.719490806576,1
2022-03-21,COVER_CLOSE,2181.050048828125,-4031.6509120430837,1
2022-03-21,OPEN,2181.050048828125,1908.0540784197105,1
2022-03-25,ROLL_CALL_SIDE,2106.52001953125,798.4544089910196,1
2022-03-28,ROLL_PUT_SIDE,2124.929931640625,-545.7044957368937,1
2022-03-29,ROLL_PUT_SIDE,2154.3798828125,139.51540040039413,1
2022-03-30,COVER_CLOSE,2130.300048828125,-3240.2131332072618,1
2022-03-30,OPEN,2130.300048828125,1536.0208994223328,1
2022-04-08,COVER_CLOSE,2131.860107421875,-577.3497307240049,1
2022-04-08,OPEN,2131.860107421875,909.958144227483,1
2022-04-21,COVER_CLOSE,2126.43994140625,-273.6152476545389,1
2022-04-21,OPEN,2126.43994140625,349.3750452436342,1
2022-04-25,ROLL_CALL_SIDE,2050.639892578125,537.4499999089832,1
2022-04-26,ROLL_CALL_SIDE,2018.3299560546875,178.5576720980514,1
2022-04-27,ROLL_PUT_SIDE,2048.68994140625,-938.9664132666411,1
2022-05-02,COVER_CLOSE,2020.4100341796875,-1602.8830276544136,1
2022-05-02,OPEN,2020.4100341796875,530.7194055071919,1
2022-05-09,ROLL_CALL_SIDE,1914.8299560546875,434.878895358253,1
2022-05-10,ROLL_PUT_SIDE,1943.1099853515625,-975.1517737993141,1
2022-05-11,ROLL_PUT_SIDE,1977.469970703125,148.9853509534268,1
2022-05-11,COVER_CLOSE,1977.469970703125,-3002.1325810464323,1
2022-05-11,OPEN,1977.469970703125,764.4260771606396,1
2022-05-17,ROLL_PUT_SIDE,2027.3399658203125,551.7729369831155,1
2022-05-18,ROLL_CALL_SIDE,2002.5400390625,-66.49057029088044,1
2022-05-19,ROLL_CALL_SIDE,1992.4000244140625,-95.55122930048674,1
2022-05-20,COVER_CLOSE,1994.0899658203125,-2180.832158831311,1
2022-05-20,OPEN,1994.0899658203125,904.8452305863896,1
2022-05-27,ROLL_PUT_SIDE,2058.10009765625,662.2215202243467,1
2022-05-30,ROLL_PUT_SIDE,2075.280029296875,-23.54388184519871,1
2022-05-31,ROLL_CALL_SIDE,2042.6400146484375,-460.426336646717,1
2022-06-01,COVER_CLOSE,2041.260009765625,-2437.1081152384404,1
2022-06-01,OPEN,2041.260009765625,1153.9179759285014,1
2022-06-13,ROLL_CALL_SIDE,1956.510009765625,526.3306865177639,1
2022-06-13,COVER_CLOSE,1956.510009765625,-2666.711803150429,1
2022-06-13,OPEN,1956.510009765625,1070.377331703581,1
2022-06-16,ROLL_CALL_SIDE,1890.3299560546875,676.5856991299942,1
2022-06-17,ROLL_CALL_SIDE,1884.27001953125,-205.43793912001684,1
2022-06-20,ROLL_PUT_SIDE,1895.239990234375,-693.0019060793178,1
2022-06-22,COVER_CLOSE,1895.8399658203125,-1905.165022926402,1
2022-06-22,OPEN,1895.8399658203125,1072.2511459579641,1
2022-07-04,COVER_CLOSE,1893.56005859375,-588.5436527441315,1
2022-07-04,OPEN,1893.56005859375,876.7450117744638,1
2022-07-07,ROLL_PUT_SIDE,1954.5799560546875,682.6253188885134,1
2022-07-08,ROLL_PUT_SIDE,1971.0400390625,-68.41266511094273,1
2022-07-11,ROLL_CALL_SIDE,1937.489990234375,-442.0519557356165,1
2022-07-13,COVER_CLOSE,1931.27001953125,-2652.1809632592094,1
2022-07-13,OPEN,1931.27001953125,1268.5779831832683,1
2022-07-22,COVER_CLOSE,1979.699951171875,-1220.4113996288004,1
2022-07-22,OPEN,1979.699951171875,1117.8211238506576,1
2022-08-02,COVER_CLOSE,1993.9200439453125,-585.3681398839142,1
2022-08-02,OPEN,1993.9200439453125,821.0039618731721,1
2022-08-11,COVER_CLOSE,2024.47998046875,-396.27676733430144,1
2022-08-11,OPEN,2024.47998046875,288.10655501411566,1
2022-08-22,COVER_CLOSE,1995.989990234375,-430.91364891428145,1
2022-08-22,OPEN,1995.989990234375,489.1635811133227,1
2022-08-31,ROLL_CALL_SIDE,1920.22998046875,153.58572114956053,1
2022-08-31,COVER_CLOSE,1920.22998046875,-1464.3311378296357,1
2022-08-31,OPEN,1920.22998046875,332.2030050146949,1
2022-09-09,COVER_CLOSE,1934.06005859375,-469.94996716711177,1
2022-09-09,OPEN,1934.06005859375,630.1817034099856,1
2022-09-20,ROLL_CALL_SIDE,1856.6700439453125,348.13311035240645,1
2022-09-20,COVER_CLOSE,1856.6700439453125,-2075.763971638436,1
2022-09-20,OPEN,1856.6700439453125,709.5972022964272,1
2022-09-29,ROLL_CALL_SIDE,1794.3900146484375,402.89067979332015,1
2022-09-29,COVER_CLOSE,1794.3900146484375,-1907.57814460499,1
2022-09-29,OPEN,1794.3900146484375,853.6427204946813,1
2022-10-03,ROLL_PUT_SIDE,1839.510009765625,501.70543245820306,1
2022-10-04,ROLL_PUT_SIDE,1909.6400146484375,482.02870857423125,1
2022-10-04,BUTTERFLY_CLOSE,1909.6400146484375,-4227.627389434286,1
2022-10-04,OPEN,1909.6400146484375,1190.6513123068107,1
2022-10-07,ROLL_CALL_SIDE,1841.77001953125,689.1790940435295,1
2022-10-10,ROLL_CALL_SIDE,1836.9100341796875,-225.4962720387033,1
2022-10-11,ROLL_CALL_SIDE,1834.0999755859375,-233.9442547732002,1
2022-10-13,COVER_CLOSE,1856.8599853515625,-2418.2549339798716,1
2022-10-13,OPEN,1856.8599853515625,1073.936805856807,1
2022-10-17,ROLL_PUT_SIDE,1908.3800048828125,623.5031323172901,1
2022-10-18,ROLL_PUT_SIDE,1938.56005859375,116.95512541979576,1
2022-10-19,ROLL_PUT_SIDE,1926.43994140625,-523.6906789613603,1
2022-10-24,COVER_CLOSE,1938.72998046875,-2550.2292513773173,1
2022-10-24,OPEN,1938.72998046875,1109.6399667091266,1
2022-11-02,COVER_CLOSE,1980.52001953125,-552.7348961933199,1
2022-11-02,OPEN,1980.52001953125,320.0530990824276,1
2022-11-10,ROLL_PUT_SIDE,2106.110107421875,320.61141174190834,1
2022-11-10,BUTTERFLY_CLOSE,2106.110107421875,-3786.9759335524413,1
2022-11-10,OPEN,2106.110107421875,616.8520228483254,1
2022-11-21,COVER_CLOSE,2082.570068359375,-352.5874591899486,1
2022-11-21,OPEN,2082.570068359375,418.50367081881075,1
2022-11-30,COVER_CLOSE,2102.419921875,-393.43768299946004,1
2022-11-30,OPEN,2102.419921875,457.8752745124808,1
2022-12-09,COVER_CLOSE,2116.449951171875,-181.92569764650378,1
2022-12-09,OPEN,2116.449951171875,-31.319816800520073,1
2022-12-20,ROLL_CALL_SIDE,2036.4200439453125,166.7825749641841,1
2022-12-20,COVER_CLOSE,2036.4200439453125,-1519.0874160319456,1
2022-12-20,OPEN,2036.4200439453125,351.3957824823424,1
2022-12-30,COVER_CLOSE,2043.4000244140625,-379.23858291680835,1
2022-12-30,OPEN,2043.4000244140625,540.6219522910467,1
2023-01-04,ROLL_PUT_SIDE,2120.35009765625,544.1658552691978,1
2023-01-05,ROLL_PUT_SIDE,2137.43994140625,-2.751159155502421,1
2023-01-09,ROLL_PUT_SIDE,2191.820068359375,328.024101749141,1
2023-01-09,BUTTERFLY_CLOSE,2191.820068359375,-4829.678981683511,1
2023-01-09,OPEN,2191.820068359375,926.9937506920699,1
2023-01-18,COVER_CLOSE,2218.739990234375,-388.73000371061937,1
2023-01-18,OPEN,2218.739990234375,375.9252695258401,1
2023-01-27,COVER_CLOSE,2197.659912109375,-383.16604682678553,1
2023-01-27,OPEN,2197.659912109375,527.0857746038811,1
2023-02-02,ROLL_PUT_SIDE,2287.39990234375,509.2605905586746,1
2023-02-03,ROLL_PUT_SIDE,2294.52001953125,-127.18100414799028,1
2023-02-06,ROLL_CALL_SIDE,2258.199951171875,-540.5024525002135,1
2023-02-07,COVER_CLOSE,2254.800048828125,-1843.1454610907017,1
2023-02-07,OPEN,2254.800048828125,599.5576200575196,1
2023-02-16,COVER_CLOSE,2256.5400390625,-357.3033469488798,1
2023-02-16,OPEN,2256.5400390625,550.2722466664254,1
2023-02-27,COVER_CLOSE,2234.989990234375,-397.9680562018409,1
2023-02-27,OPEN,2234.989990234375,559.4332448422108,1
2023-03-08,COVER_CLOSE,2248.52001953125,-206.5277081662492,1
2023-03-08,OPEN,2248.52001953125,77.04395807848155,1
2023-03-13,ROLL_CALL_SIDE,2156.580078125,313.4957216913005,1
2023-03-14,ROLL_PUT_SIDE,2186.360107421875,-458.888358523107,1
2023-03-15,ROLL_CALL_SIDE,2096.800048828125,401.03676579864043,1
2023-03-15,BUTTERFLY_CLOSE,2096.800048828125,-4309.004550758249,1
2023-03-15,OPEN,2096.800048828125,851.2528233214176,1
2023-03-24,COVER_CLOSE,2087.81005859375,-871.8594092922469,1
2023-03-24,OPEN,2087.81005859375,1268.877408629257,1
2023-03-29,ROLL_PUT_SIDE,2149.360107421875,730.6511147585219,1
2023-03-30,ROLL_PUT_SIDE,2199.43994140625,323.4942982502446,1
2023-03-31,ROLL_PUT_SIDE,2223.75,35.23937769382883,1
2023-03-31,BUTTERFLY_CLOSE,2223.75,-4838.529480808331,1
2023-03-31,OPEN,2223.75,1545.4241035079492,1
2023-04-13,COVER_CLOSE,2225.139892578125,-951.3377580026633,1
2023-04-13,OPEN,2225.139892578125,1403.2693845344752,1
2023-04-24,COVER_CLOSE,2259.820068359375,-491.3552867086619,1
2023-04-24,OPEN,2259.820068359375,450.9953497547408,1
2023-05-04,COVER_CLOSE,2228.169921875,-216.65882158057323,1
2023-05-04,OPEN,2228.169921875,29.588323278356086,1
2023-05-15,COVER_CLOSE,2251.239990234375,-175.46225370350638,1
2023-05-15,OPEN,2251.239990234375,-97.17035346156547,1
2023-05-25,COVER_CLOSE,2231.570068359375,-221.7506699391942,1
2023-05-25,OPEN,2231.570068359375,145.29562921572136,1
2023-06-05,COVER_CLOSE,2293.06005859375,-745.1072315902671,1
2023-06-05,OPEN,2293.06005859375,283.83304599092827,1
2023-06-15,COVER_CLOSE,2310.659912109375,-256.3536210035703,1
2023-06-15,OPEN,2310.659912109375,202.7039550623296,1
2023-06-27,COVER_CLOSE,2244.60009765625,-403.41719003798903,1
2023-06-27,OPEN,2244.60009765625,-22.5684415557283,1
2023-07-06,COVER_CLOSE,2238.510009765625,-180.78796005425133,1
2023-07-06,OPEN,2238.510009765625,33.17566768213922,1
2023-07-17,COVER_CLOSE,2243.1298828125,-181.18908382338319,1
2023-07-17,OPEN,2243.1298828125,18.928237293421603,1
2023-07-26,COVER_CLOSE,2235.22998046875,-175.74968059537105,1
2023-07-26,OPEN,2235.22998046875,1.9295178616601163,1
2023-08-04,COVER_CLOSE,2209.639892578125,-169.0652625562563,1
2023-08-04,OPEN,2209.639892578125,-102.4692225723182,1
2023-08-15,COVER_CLOSE,2178.5,-186.01166605277206,1
2023-08-15,OPEN,2178.5,-64.41759536964646,1
2023-08-24,COVER_CLOSE,2145.739990234375,-170.4700589406003,1
2023-08-24,OPEN,2145.739990234375,-123.66610094376406,1
2023-09-04,COVER_CLOSE,2193.760009765625,-248.9959607609983,1
2023-09-04,OPEN,2193.760009765625,-104.59183986731867,1
2023-09-13,COVER_CLOSE,2162.4599609375,-165.13037053479644,1
2023-09-13,OPEN,2162.4599609375,-138.00325114367303,1
2023-09-22,COVER_CLOSE,2165.93994140625,-164.9664360784024,1
2023-09-22,OPEN,2165.93994140625,-85.96552561880307,1
2023-10-03,COVER_CLOSE,2125.06005859375,-204.44844400184184,1
2023-10-03,OPEN,2125.06005859375,-80.7403287212994,1
2023-10-12,ROLL_PUT_SIDE,2212.1298828125,79.51089725713965,1
2023-10-12,COVER_CLOSE,2212.1298828125,-1697.0297934662299,1
2023-10-12,OPEN,2212.1298828125,271.70074939886086,1
2023-10-19,ROLL_CALL_SIDE,2121.830078125,278.6136523474174,1
2023-10-20,ROLL_CALL_SIDE,2077.659912109375,186.54446943463057,1
2023-10-20,BUTTERFLY_CLOSE,2077.659912109375,-3773.380106620793,1
2023-10-20,OPEN,2077.659912109375,454.0764483804139,1
2023-10-31,COVER_CLOSE,2075.7900390625,-307.780084101464,1
2023-10-31,OPEN,2075.7900390625,426.600830754757,1
2023-11-09,COVER_CLOSE,2137.97998046875,-722.4431298391021,1
2023-11-09,OPEN,2137.97998046875,164.44816940847107,1
2023-11-20,COVER_CLOSE,2206.340087890625,-788.2977259166637,1
2023-11-20,OPEN,2206.340087890625,133.57223336853008,1
2023-11-29,COVER_CLOSE,2233.0,-266.48729544898424,1
2023-11-29,OPEN,2233.0,120.85052281323868,1
2023-12-08,COVER_CLOSE,2313.010009765625,-763.7170038211716,1
2023-12-08,OPEN,2313.010009765625,-41.663571555067676,1
2023-12-19,COVER_CLOSE,2384.5400390625,-441.68363568625256,1
2023-12-19,OPEN,2384.5400390625,-101.86271145756812,1
2024-01-02,COVER_CLOSE,2394.929931640625,-164.8052007422314,1
2024-01-02,OPEN,2394.929931640625,-101.84150823223467,1
2024-01-11,COVER_CLOSE,2336.25,-315.90347029960725,1
2024-01-11,OPEN,2336.25,-19.571921595462243,1
2024-01-22,COVER_CLOSE,2330.550048828125,-172.6443500744508,1
2024-01-22,OPEN,2330.550048828125,-12.60872408301563,1
2024-01-31,COVER_CLOSE,2356.60009765625,-182.15833400579268,1
2024-01-31,OPEN,2356.60009765625,-83.0601339487775,1
2024-02-09,COVER_CLOSE,2352.419921875,-162.4723960836495,1
2024-02-09,OPEN,2352.419921875,-102.18848750706951,1
2024-02-20,COVER_CLOSE,2414.7900390625,-235.67068632266478,1
2024-02-20,OPEN,2414.7900390625,-145.9312485176419,1
2024-02-29,COVER_CLOSE,2452.81005859375,-165.35844610705203,1
2024-02-29,OPEN,2452.81005859375,-152.4865714618454,1
2024-03-11,COVER_CLOSE,2479.360107421875,-160.08704785802018,1
2024-03-11,OPEN,2479.360107421875,-159.38607016162402,1
2024-03-20,COVER_CLOSE,2510.43994140625,-164.5223886824328,1
2024-03-20,OPEN,2510.43994140625,-146.16554561580665,1
2024-04-02,COVER_CLOSE,2508.64990234375,-169.67959601909845,1
2024-04-02,OPEN,2508.64990234375,-30.936609031543355,1
2024-04-11,COVER_CLOSE,2499.699951171875,-163.0817395224261,1
2024-04-11,OPEN,2499.699951171875,-95.08894321729453,1
2024-04-22,COVER_CLOSE,2511.409912109375,-162.9246952406255,1
2024-04-22,OPEN,2511.409912109375,-119.77143193635843,1
2024-05-02,COVER_CLOSE,2525.2099609375,-183.64368747267514,1
2024-05-02,OPEN,2525.2099609375,-0.9749462757274046,1
2024-05-10,ROLL_PUT_SIDE,2627.8701171875,107.56615613198005,1
2024-05-13,ROLL_PUT_SIDE,2624.760009765625,-202.3467402199673,1
2024-05-14,ROLL_PUT_SIDE,2632.85009765625,-125.78647749464662,1
2024-05-14,COVER_CLOSE,2632.85009765625,-1683.8620429269122,1
2024-05-14,OPEN,2632.85009765625,84.11853480818192,1
2024-05-23,COVER_CLOSE,2641.469970703125,-174.33781275656725,1
2024-05-23,OPEN,2641.469970703125,-22.080506037753935,1
2024-06-03,COVER_CLOSE,2612.02001953125,-174.97235239439627,1
2024-06-03,OPEN,2612.02001953125,-67.8854461384679,1
2024-06-13,COVER_CLOSE,2587.110107421875,-200.12812924100052,1
2024-06-13,OPEN,2587.110107421875,65.54968374236469,1
2024-06-25,COVER_CLOSE,2561.570068359375,-222.48746042591182,1
2024-06-25,OPEN,2561.570068359375,140.1427273675891,1
2024-07-04,COVER_CLOSE,2571.8701171875,-209.32206898254807,1
2024-07-04,OPEN,2571.8701171875,131.4748022254928,1
2024-07-15,COVER_CLOSE,2605.2900390625,-302.16330546763663,1
2024-07-15,OPEN,2605.2900390625,181.0812166716197,1
2024-07-24,COVER_CLOSE,2570.969970703125,-262.74477380771657,1
2024-07-24,OPEN,2570.969970703125,182.2569588365331,1
2024-08-02,ROLL_CALL_SIDE,2467.0,437.8488583286197,1
2024-08-02,COVER_CLOSE,2467.0,-2536.6133123071404,1
2024-08-02,OPEN,2467.0,840.918858933011,1
2024-08-13,COVER_CLOSE,2472.9599609375,-476.66789306704015,1
2024-08-13,OPEN,2472.9599609375,796.8565875820916,1
2024-08-22,COVER_CLOSE,2541.10009765625,-1208.2714159249817,1
2024-08-22,OPEN,2541.10009765625,879.7350284178983,1
2024-09-02,COVER_CLOSE,2589.97998046875,-182.76441223722884,1
2024-09-02,OPEN,2589.97998046875,-143.36959630495485,1
2024-09-06,ROLL_CALL_SIDE,2480.989990234375,63.56487576324275,1
2024-09-11,COVER_CLOSE,2489.9599609375,-1129.8022940405367,1
2024-09-11,OPEN,2489.9599609375,1.8696154334025152,1
2024-09-19,ROLL_PUT_SIDE,2592.909912109375,81.08501794259453,1
2024-09-20,COVER_CLOSE,2579.14990234375,-1433.0951807740937,1
2024-09-20,OPEN,2579.14990234375,161.46476550201612,1
2024-10-01,COVER_CLOSE,2611.340087890625,-295.65684026243434,1
2024-10-01,OPEN,2611.340087890625,182.24193232955173,1
2024-10-10,COVER_CLOSE,2573.909912109375,-201.08496175717897,1
2024-10-10,OPEN,2573.909912109375,-18.8592217426052,1
2024-10-21,COVER_CLOSE,2576.199951171875,-161.27340989686954,1
2024-10-21,OPEN,2576.199951171875,-123.27443498902728,1
2024-10-30,COVER_CLOSE,2578.3798828125,-162.53268699131706,1
2024-10-30,OPEN,2578.3798828125,-104.43799601352947,1
2024-11-08,COVER_CLOSE,2558.739990234375,-181.78800323988253,1
2024-11-08,OPEN,2558.739990234375,11.04338113230213,1
2024-11-19,COVER_CLOSE,2493.47998046875,-587.3352327019804,1
2024-11-19,OPEN,2493.47998046875,295.98489710223714,1
2024-11-28,COVER_CLOSE,2508.919921875,-213.7468568920253,1
2024-11-28,OPEN,2508.919921875,108.46971861242002,1
2024-12-04,ROLL_PUT_SIDE,2594.3798828125,230.07203678098404,1
2024-12-05,ROLL_PUT_SIDE,2606.080078125,-84.11487394273314,1
2024-12-06,ROLL_PUT_SIDE,2614.27001953125,-118.08329581216819,1
2024-12-09,COVER_CLOSE,2617.800048828125,-1739.7325360879079,1
2024-12-09,OPEN,2617.800048828125,92.92399136304647,1
2024-12-18,COVER_CLOSE,2537.6298828125,-326.23564539537506,1
2024-12-18,OPEN,2537.6298828125,-119.87180831255694,1
2025-01-03,COVER_CLOSE,2511.419921875,-209.81737826247127,1
2025-01-03,OPEN,2511.419921875,85.56351200580258,1
2025-01-15,COVER_CLOSE,2570.830078125,-551.9341101445782,1
2025-01-15,OPEN,2570.830078125,196.47921552329467,1
2025-01-23,ROLL_PUT_SIDE,2672.64990234375,137.35426583570654,1
2025-01-24,COVER_CLOSE,2669.72998046875,-1080.3217377259832,1
2025-01-24,OPEN,2669.72998046875,-45.483263663031124,1
2025-02-04,COVER_CLOSE,2638.4599609375,-206.10387168502572,1
2025-02-04,OPEN,2638.4599609375,48.09003682128355,1
2025-02-13,COVER_CLOSE,2724.25,-823.6572058723845,1
2025-02-13,OPEN,2724.25,76.15901470663562,1
2025-02-24,COVER_CLOSE,2713.6201171875,-205.84033054370505,1
2025-02-24,OPEN,2713.6201171875,166.883654615612,1
2025-03-05,COVER_CLOSE,2723.989990234375,-634.1789766179247,1
2025-03-05,OPEN,2723.989990234375,1083.8782995209785,1
2025-03-14,COVER_CLOSE,2682.3798828125,-805.1396535380634,1
2025-03-14,OPEN,2682.3798828125,1114.1623531282667,1
2025-03-25,COVER_CLOSE,2641.3798828125,-713.4628640602599,1
2025-03-25,OPEN,2641.3798828125,973.7647804789133,1
2025-03-28,ROLL_CALL_SIDE,2542.669921875,796.600337409056,1
2025-03-31,ROLL_CALL_SIDE,2494.06005859375,350.6977343357434,1
2025-04-01,ROLL_CALL_SIDE,2509.780029296875,-517.1310181029678,1
2025-04-03,COVER_CLOSE,2385.159912109375,-7778.203919220784,1
2025-04-03,OPEN,2385.159912109375,683.3516601555734,1
2025-04-04,ROLL_CALL_SIDE,2287.239990234375,901.8597366984427,1
2025-04-07,ROLL_CALL_SIDE,2179.389892578125,819.7392813679344,1
2025-04-07,BUTTERFLY_CLOSE,2179.389892578125,-7116.402502816607,1
2025-04-07,OPEN,2179.389892578125,1476.0048346351882,1
2025-04-08,ROLL_PUT_SIDE,2237.260009765625,746.9013038106315,1
2025-04-09,ROLL_CALL_SIDE,2175.77001953125,165.22647439930984,1
2025-04-10,ROLL_PUT_SIDE,2280.570068359375,38.10847367293604,1
2025-04-10,BUTTERFLY_CLOSE,2280.570068359375,-6018.976588970256,1
2025-04-10,OPEN,2280.570068359375,2354.8879595275785,1
2025-04-14,ROLL_PUT_SIDE,2338.699951171875,639.7103232060026,1
2025-04-15,ROLL_PUT_SIDE,2390.68994140625,54.643682857570866,1
2025-04-16,ROLL_PUT_SIDE,2372.590087890625,-900.386958605839,1
2025-04-23,COVER_CLOSE,2392.340087890625,-4722.065351660377,1
2025-04-23,OPEN,2392.340087890625,2666.1057789685046,1
2025-04-24,ROLL_PUT_SIDE,2398.840087890625,17.46629349561431,1
2025-04-25,ROLL_PUT_SIDE,2426.969970703125,-315.3539217966236,1
2025-04-28,ROLL_PUT_SIDE,2428.050048828125,-658.7960016964225,1
2025-05-05,COVER_CLOSE,2464.739990234375,-3775.0523699772575,1
2025-05-05,OPEN,2464.739990234375,2730.148474112733,1
2025-05-06,ROLL_CALL_SIDE,2428.93994140625,309.39209163427495,1
2025-05-07,ROLL_PUT_SIDE,2431.639892578125,-267.5822395885739,1
2025-05-08,ROLL_PUT_SIDE,2449.199951171875,-95.15525784559713,1
2025-05-14,COVER_CLOSE,2517.9599609375,-3338.8527675287996,1
2025-05-14,OPEN,2517.9599609375,740.1063896517969,1
2025-05-23,COVER_CLOSE,2479.56005859375,-446.99687995159996,1
2025-05-23,OPEN,2479.56005859375,514.4153713404404,1
2025-06-04,COVER_CLOSE,2510.469970703125,-386.84725031572384,1
2025-06-04,OPEN,2510.469970703125,375.9687168631476,1
2025-06-16,COVER_CLOSE,2485.320068359375,-186.34468219296642,1
2025-06-16,OPEN,2485.320068359375,-1.8787743129433068,1
2025-06-26,COVER_CLOSE,2450.739990234375,-174.99813160159547,1
2025-06-26,OPEN,2450.739990234375,-98.54408370103792,1
2025-07-07,COVER_CLOSE,2514.43994140625,-571.0661895758969,1
2025-07-07,OPEN,2514.43994140625,127.70246486081163,1
2025-07-16,COVER_CLOSE,2512.320068359375,-225.88754329139613,1
2025-07-16,OPEN,2512.320068359375,237.0218163376374,1
2025-07-24,ROLL_PUT_SIDE,2600.219970703125,250.81612932360042,1
2025-07-25,ROLL_PUT_SIDE,2606.320068359375,-130.6854754013385,1
2025-07-25,COVER_CLOSE,2606.320068359375,-1554.894621405812,1
2025-07-25,OPEN,2606.320068359375,249.01510156981243,1
2025-08-05,COVER_CLOSE,2562.75,-438.44703989265963,1
2025-08-05,OPEN,2562.75,446.5187883140343,1
2025-08-14,COVER_CLOSE,2632.919921875,-614.7283733323779,1
2025-08-14,OPEN,2632.919921875,110.82125671664477,1
2025-08-25,COVER_CLOSE,2668.5,-272.16769640888117,1
2025-08-25,OPEN,2668.5,100.30087530967359,1
2025-09-03,COVER_CLOSE,2597.199951171875,-498.56159254291896,1
2025-09-03,OPEN,2597.199951171875,122.69404748411944,1
2025-09-12,COVER_CLOSE,2635.330078125,-266.32533333514743,1
2025-09-12,OPEN,2635.330078125,57.05032064497428,1
2025-09-23,COVER_CLOSE,2671.1298828125,-197.99491457315438,1
2025-09-23,OPEN,2671.1298828125,-69.8929650238432,1
2025-10-02,COVER_CLOSE,2708.590087890625,-176.11372965492686,1
2025-10-02,OPEN,2708.590087890625,-124.59945450680414,1
2025-10-13,COVER_CLOSE,2709.030029296875,-163.76933100082172,1
2025-10-13,OPEN,2709.030029296875,-85.39196514912183,1
2025-10-22,COVER_CLOSE,2745.5400390625,-212.34783641914248,1
2025-10-22,OPEN,2745.5400390625,-34.596273357767686,1
2025-10-31,COVER_CLOSE,2767.070068359375,-174.31031924020803,1
2025-10-31,OPEN,2767.070068359375,-73.22902664962928,1
2025-11-11,COVER_CLOSE,2790.97998046875,-185.5513452494015,1
2025-11-11,OPEN,2790.97998046875,-35.373284167779374,1
2025-11-18,ROLL_CALL_SIDE,2673.72998046875,138.7299230011759,1
2025-11-20,COVER_CLOSE,2701.949951171875,-1300.3773629989178,1
2025-11-20,OPEN,2701.949951171875,114.68593705561727,1
2025-12-01,COVER_CLOSE,2784.530029296875,-847.9929497115827,1
2025-12-01,OPEN,2784.530029296875,183.6639763031289,1
2025-12-10,COVER_CLOSE,2810.590087890625,-239.3396368108173,1
2025-12-10,OPEN,2810.590087890625,128.77231603900947,1
2025-12-19,COVER_CLOSE,2841.27001953125,-170.78965463230907,1
2025-12-19,OPEN,2841.27001953125,-117.02431312053544,1
2026-01-07,ROLL_PUT_SIDE,2963.31005859375,-89.4357026517523,1
2026-01-07,COVER_CLOSE,2963.31005859375,-1495.7932600372646,1
2026-01-07,OPEN,2963.31005859375,-55.30985249429061,1
2026-01-16,COVER_CLOSE,3039.090087890625,-514.8409247399892,1
2026-01-16,OPEN,3039.090087890625,55.86943957135168,1
2026-01-27,COVER_CLOSE,3043.949951171875,-203.8131700385397,1
2026-01-27,OPEN,3043.949951171875,160.4910685114723,1
2026-02-05,COVER_CLOSE,3089.669921875,-295.9028119362105,1
2026-02-05,OPEN,3089.669921875,107.01276482147466,1
2026-02-16,COVER_CLOSE,3121.800048828125,-166.90434904977118,1
2026-02-16,OPEN,3121.800048828125,-127.82121244221105,1
2026-02-25,COVER_CLOSE,3195.570068359375,-278.265964765842,1
2026-02-25,OPEN,3195.570068359375,-106.2956438262811,1
2026-03-06,ROLL_CALL_SIDE,3038.550048828125,263.8187457003891,1
2026-03-06,COVER_CLOSE,3038.550048828125,-3259.0383526466667,1
2026-03-06,OPEN,3038.550048828125,484.2236461305763,1
2026-03-17,COVER_CLOSE,3023.590087890625,-671.5685744938282,1
2026-03-17,OPEN,3023.590087890625,1228.274782369956,1
2026-03-19,ROLL_CALL_SIDE,2908.969970703125,1160.7008945451053,1
2026-03-20,ROLL_CALL_SIDE,2864.68994140625,290.0371766531074,1
2026-03-23,ROLL_PUT_SIDE,2892.18994140625,-1886.1172475189485,1
2026-03-26,COVER_CLOSE,2889.81005859375,-3132.8620789503884,1
2026-03-26,OPEN,2889.81005859375,1779.503953744712,1
2026-04-01,ROLL_PUT_SIDE,3006.3701171875,1134.5022865763617,1
2026-04-02,ROLL_PUT_SIDE,2965.68994140625,-1157.7241434833127,1
2026-04-07,ROLL_PUT_SIDE,2967.919921875,-289.5759639009275,1
2026-04-08,COVER_CLOSE,3094.159912109375,-5679.656058805473,1
2026-04-08,OPEN,3094.159912109375,2496.910460601282,1
2026-04-17,ROLL_PUT_SIDE,3182.1298828125,1005.7539892539271,1
2026-04-17,COVER_CLOSE,3182.1298828125,-3768.098455254536,1
2026-04-17,OPEN,3182.1298828125,2363.163598118423,1
2026-04-28,ROLL_CALL_SIDE,3056.010009765625,775.0673371229377,1
2026-04-28,COVER_CLOSE,3056.010009765625,-3540.5221330454187,1
2026-04-28,OPEN,3056.010009765625,1476.361182340249,1
2026-05-06,ROLL_PUT_SIDE,3159.330078125,887.2241981427496,1
2026-05-08,ROLL_CALL_SIDE,3073.68994140625,183.83048757328174,1
2026-05-08,COVER_CLOSE,3073.68994140625,-3411.7193803643513,1
2026-05-08,OPEN,3073.68994140625,801.781530635582,1
2026-05-20,COVER_CLOSE,3099.5,-405.29477110282625,1
2026-05-20,OPEN,3099.5,587.1958081009658,1
2026-05-25,ROLL_PUT_SIDE,3192.830078125,695.7943291211529,1
2026-05-28,ROLL_CALL_SIDE,3124.050048828125,164.11171912719874,1
2026-05-29,ROLL_CALL_SIDE,3138.090087890625,-430.20295298886515,1
2026-05-29,COVER_CLOSE,3138.090087890625,-2375.1874850384365,1
2026-05-29,OPEN,3138.090087890625,758.7849720832538,1
2026-06-09,COVER_CLOSE,3070.219970703125,-496.7242634456802,1
2026-06-09,OPEN,3070.219970703125,330.82133735234754,1
2026-06-18,COVER_CLOSE,3178.639892578125,-1415.7885442197023,1
2026-06-18,OPEN,3178.639892578125,373.2556455928793,1
