date,gross,outcome
2023-08-08,-0.006871129258326891,STOP
2023-08-09,-0.003070788296041349,EOD
2023-08-10,-0.0011503194503037495,EOD
2023-08-14,8.665198236901261e-05,EOD
2023-08-16,-0.0009346836656198843,EOD
2023-08-17,-0.004871400507065915,EOD
2023-08-18,0.00028843150628166114,EOD
2023-08-21,-0.006680966677078404,STOP
2023-08-22,-0.0006151811062587997,EOD
2023-08-25,-0.00037860157097502345,EOD
2023-08-28,-3.8848843640582054e-05,EOD
2023-08-29,-0.0011807786329360859,EOD
2023-08-31,-0.002239331260134536,EOD
2023-09-01,-0.0002309985030314321,EOD
2023-09-04,-0.005246546039540223,EOD
2023-09-05,0.002674578210751788,EOD
2023-09-06,0.0014417037085150408,EOD
2023-09-07,-0.0033341019362802538,STOP
2023-09-11,-0.005888969378027298,STOP
2023-09-14,0.010652386587193474,EOD
2023-09-19,-0.003629237831037635,STOP
2023-09-20,0.006464039949661382,EOD
2023-09-21,-0.0039890859554666536,STOP
2023-09-27,-0.006135195124205128,STOP
2023-09-28,-0.00274006467610155,STOP
2023-09-29,-0.0001580874946336408,EOD
2023-10-03,-0.004413385098235967,STOP
2023-10-04,0.0006203248382843363,EOD
2023-10-05,5.968405328182769e-06,EOD
2023-10-06,0.006608033306578109,EOD
2023-10-09,-0.005439169506429087,STOP
2023-10-10,0.007978516289068649,EOD
2023-10-11,0.00036839838773095046,EOD
2023-10-12,-0.001974271901872382,EOD
2023-10-16,-0.0021285378420690115,EOD
2023-10-18,-0.0035286018781177653,STOP
2023-10-24,0.0028914236599590915,EOD
2023-10-25,-0.007105646159816015,STOP
2023-10-26,0.008410834706242154,EOD
2023-10-27,-0.005339173713091894,STOP
2023-10-31,-7.04475808841476e-05,EOD
2023-11-02,0.0007219076696642901,EOD
2023-11-03,-0.0018758959402527253,EOD
2023-11-08,5.2310676921019095e-05,EOD
2023-11-09,0.00769143223149471,EOD
2023-11-14,0.01973411428294769,EOD
2023-11-15,-0.0016598046220474005,EOD
2023-11-17,0.0021411165250067032,EOD
2023-11-20,-0.00409403283518095,STOP
2023-11-22,0.0010614835524713762,EOD
2023-11-23,-0.002175077667276759,EOD
2023-11-24,0.00033872251220801175,EOD
2023-11-27,-0.0023436057667488575,STOP
2023-11-29,0.0027471479346508065,EOD
2023-11-30,-0.002717226838659159,EOD
2023-12-01,-0.00010099934019547341,EOD
2023-12-05,0.0017422510215343578,EOD
2023-12-06,0.004578921728042529,EOD
2023-12-07,-0.0020895867718589978,EOD
2023-12-08,0.007461414461549687,EOD
2023-12-11,0.007966648363049833,EOD
2023-12-12,-0.0036022425715598327,EOD
2023-12-14,-0.004385108104801971,STOP
2023-12-15,-0.0014517162488241198,EOD
2023-12-19,-0.0016986119790883825,EOD
2023-12-22,-0.00044113972353876374,EOD
2023-12-27,-0.0035306957302601027,EOD
2023-12-29,-0.00019776411535010752,EOD
2024-01-02,-0.005875254867151902,STOP
2024-01-08,0.0018248222507357692,EOD
2024-01-10,-0.00295666502100822,STOP
2024-01-12,-0.001083887465753941,EOD
2024-01-17,-0.004508278463257853,STOP
2024-01-18,0.0029186912094660844,EOD
2024-01-23,-0.0015109268965011191,EOD
2024-01-25,0.0012417597107017286,EOD
2024-01-26,0.0057120581113701,EOD
2024-01-29,0.0012562697356672814,EOD
2024-02-01,-0.0031176523141440704,EOD
2024-02-02,-0.003956072498567109,STOP
2024-02-06,0.0007735245498454724,EOD
2024-02-08,-0.003515386614102889,STOP
2024-02-12,-0.000190739405946716,EOD
2024-02-14,0.0022795947985543297,EOD
2024-02-15,-0.001591636301243704,EOD
2024-02-16,0.002051647030184567,EOD
2024-02-19,0.0011929728988075983,EOD
2024-02-20,-0.004416906584856162,STOP
2024-02-23,0.0031572198123286377,EOD
2024-02-27,0.0007196965869635807,EOD
2024-02-29,4.877252008927968e-06,EOD
2024-03-01,-0.0037407569453798972,STOP
2024-03-05,-0.0005398830509101282,EOD
2024-03-06,0.004020092994346136,EOD
2024-03-07,0.007429361506996912,EOD
2024-03-08,0.0022542152438183027,EOD
2024-03-11,-0.0007912427667010613,EOD
2024-03-12,0.009336699219459899,EOD
2024-03-13,6.433531333471798e-05,EOD
2024-03-14,-0.0038709093132560657,STOP
2024-03-15,-0.00120236716094968,EOD
2024-03-19,0.0029009898840646198,EOD
2024-03-20,0.0018599629527495942,EOD
2024-03-21,0.0043474649417680755,EOD
2024-03-22,-0.003434858083019132,EOD
2024-03-26,0.008557356203974464,EOD
2024-04-02,-0.0038752454487216426,STOP
2024-04-03,0.001819804430620131,EOD
2024-04-04,0.002321330879551775,EOD
2024-04-05,0.0022651365426886727,EOD
2024-04-08,0.0017879507305591513,EOD
2024-04-09,-0.002477902697426093,STOP
2024-04-10,-0.004658633919724875,STOP
2024-04-12,-0.005850461991295797,STOP
2024-04-15,-0.004510789671356874,EOD
2024-04-16,-0.004510408548578537,STOP
2024-04-17,0.0023692097805383394,EOD
2024-04-19,0.004439989187682514,EOD
2024-04-23,0.007560928815575352,EOD
2024-04-24,-0.00033597262010276463,EOD
2024-04-25,-0.005368475001316986,STOP
2024-04-26,0.006352749635599064,EOD
2024-04-29,-0.001736286498380979,EOD
2024-05-03,0.0011301517164929997,EOD
2024-05-06,0.005499719781152601,EOD
2024-05-07,0.007075085735198883,EOD
2024-05-10,0.0029269489885519473,EOD
2024-05-14,-0.0026093689407612475,STOP
2024-05-20,0.003950668510920297,EOD
2024-05-21,0.001451380023525406,EOD
2024-05-22,-0.0004164082252849921,EOD
2024-05-24,0.001222614920633358,EOD
2024-05-27,-0.0018469927950909293,STOP
2024-05-30,0.0046009539762725815,EOD
2024-05-31,0.003485650456714229,EOD
2024-06-05,0.0004018572239448126,EOD
2024-06-07,-0.002590764301547921,STOP
2024-06-12,0.00861379021859654,EOD
2024-06-24,0.007409395097818239,EOD
2024-06-26,-0.007147404704489824,STOP
2024-06-28,-0.0038581224448923646,STOP
2024-07-03,-0.0019235198989321356,EOD
2024-07-04,-0.004504490014946239,STOP
2024-07-05,-0.003561081637316943,STOP
2024-07-08,-0.00022121301452138198,EOD
2024-07-09,-0.00415754277034841,STOP
2024-07-10,0.002842249485212056,EOD
2024-07-11,0.004464836022612051,EOD
2024-07-12,0.013936460894940605,EOD
2024-07-15,-0.002938822115922113,STOP
2024-07-16,0.004544172837525284,EOD
2024-07-17,-0.0017270606201373884,EOD
2024-07-18,-0.0054001906466488725,EOD
2024-07-22,0.0030925482043833163,EOD
2024-07-23,-0.002640268482934305,EOD
2024-07-24,-0.0035262255514476593,EOD
2024-07-25,0.004070726225364973,EOD
2024-07-26,0.00576987533755613,EOD
2024-07-29,-0.002559136862079203,STOP
2024-07-30,0.0005198549298948141,EOD
2024-07-31,-0.0041825542965985285,STOP
2024-08-05,0.0009927773320841382,EOD
2024-08-07,0.0057325811616300015,EOD
2024-08-08,0.01073023372300752,EOD
2024-08-09,-0.0075185049067335585,STOP
2024-08-13,-0.0033602458239919697,STOP
2024-08-14,-0.003729972864117137,STOP
2024-08-15,-0.00257804759899416,STOP
2024-08-16,-0.0037730070761556878,STOP
2024-08-19,-0.0022512793894732264,STOP
2024-08-21,-0.002585638868551454,STOP
2024-08-22,0.0011489564022746368,EOD
2024-08-23,0.0026289074224024045,EOD
2024-08-26,0.001967832218075838,EOD
2024-08-27,-0.0021444291206843547,STOP
2024-08-28,0.00039269095383964725,EOD
2024-08-29,0.005750970591918758,EOD
2024-08-30,-0.00027653182269171683,EOD
2024-09-03,-0.002582604914741271,STOP
2024-09-04,-0.003645384596241974,EOD
2024-09-06,-0.005964053818915627,STOP
2024-09-09,0.0010529663482854446,EOD
2024-09-10,-0.007429616630193703,STOP
2024-09-11,-0.006332121245079536,STOP
2024-09-13,0.0003184767276491751,EOD
2024-09-16,0.00033431891282531545,EOD
2024-09-17,0.0030938966492879416,EOD
2024-09-19,0.0068659259335099865,EOD
2024-09-23,0.0013479862185250546,EOD
2024-09-24,-0.0034426973127034133,STOP
2024-09-25,0.0020542063491690854,EOD
2024-09-26,-0.001728167553947002,EOD
2024-10-01,-0.004542024067071715,STOP
2024-10-04,-0.00485219890611488,STOP
2024-10-08,0.0005807620791526968,EOD
2024-10-09,0.0035750938714700364,EOD
2024-10-11,0.005807473277673614,EOD
2024-10-14,0.0009505735609993682,EOD
2024-10-16,0.0020609086449974168,EOD
2024-10-17,-0.0037148835783196166,STOP
2024-10-18,0.0011668456414160033,EOD
2024-10-24,-0.0061800338569342195,STOP
2024-10-25,0.00014892050998072115,EOD
2024-10-28,0.006095119243053837,EOD
2024-10-29,-0.0034746476479845523,STOP
2024-11-01,-0.0002366167413933029,EOD
2024-11-04,-0.0011123652980331578,EOD
2024-11-05,-0.00461165964917809,STOP
2024-11-07,0.006449399937425548,EOD
2024-11-11,-0.0022887025000633,EOD
2024-11-13,-0.004202327706938402,STOP
2024-11-14,0.0018065345515438924,EOD
2024-11-15,-0.005611012575222674,STOP
2024-11-21,0.0029961717980424574,EOD
2024-11-22,0.0006156507635537434,EOD
2024-11-26,-9.819705704205983e-05,EOD
2024-11-27,-0.004664693545020415,STOP
2024-11-28,-0.003565684272784364,STOP
2024-11-29,0.0011846921900549034,EOD
2024-12-02,0.010783125989862308,EOD
2024-12-03,0.0022417267514025507,EOD
2024-12-04,-0.0010694717653625396,EOD
2024-12-05,0.0003662397087624836,EOD
2024-12-06,0.0011339847536129266,EOD
2024-12-17,-0.0015908326775431192,EOD
2024-12-18,-0.00048320434581972105,EOD
2024-12-20,0.0044063968658576425,EOD
2024-12-23,-0.001198499889819793,EOD
2024-12-27,0.001135272594531278,EOD
2024-12-30,0.00039193705903395326,EOD
2025-01-02,0.0009752435990384445,EOD
2025-01-03,-0.0006596363742343847,EOD
2025-01-07,-0.0062457824507975435,STOP
2025-01-08,-0.005684360560382351,STOP
2025-01-09,0.0010022472922501802,EOD
2025-01-13,-0.001059405753373266,EOD
2025-01-14,-0.0039579875064736925,STOP
2025-01-15,0.014685297235522254,EOD
2025-01-16,-0.0015537111173917761,EOD
2025-01-17,0.0058059773815872795,EOD
2025-01-21,0.0034910136298658134,EOD
2025-01-22,-0.0054653594737613664,STOP
2025-01-23,0.005996559635767618,EOD
2025-01-27,0.002253403007390853,EOD
2025-01-28,-0.0048966957261704636,STOP
2025-01-29,0.0026632811668185763,EOD
2025-01-31,-0.004174168863225969,STOP
2025-02-03,0.0018167390073633438,EOD
2025-02-05,-0.003687212545656182,STOP
2025-02-06,0.006598290081369251,EOD
2025-02-10,0.001426051613043322,EOD
2025-02-11,0.002567752146248603,EOD
2025-02-12,-0.005347624230785497,STOP
2025-02-13,-0.0026658765631943915,STOP
2025-02-14,-0.002805934297125945,STOP
2025-02-17,0.004807273990919958,EOD
2025-02-18,0.0026273888036463244,EOD
2025-02-20,0.0017049319090687298,EOD
2025-02-21,-0.004353535686529741,STOP
2025-02-25,0.0024278171256406633,EOD
2025-02-26,0.004915436971147935,EOD
2025-02-27,-0.0039209679047422785,STOP
2025-02-28,-0.005055186501192965,STOP
2025-03-03,-0.0010875445846632026,EOD
2025-03-05,0.0024847635728053596,EOD
2025-03-07,0.006400298601977772,EOD
2025-03-11,-0.008537876334104855,STOP
2025-03-12,-0.005861851426869125,STOP
2025-03-13,0.00012098637833557468,EOD
2025-03-14,0.004857498352681233,EOD
2025-03-17,-0.002263077215320042,EOD
2025-03-18,-0.002760298922826032,STOP
2025-03-25,0.0034678778424031,EOD
2025-03-28,-0.004979130778485552,STOP
2025-04-01,-0.006089917487802077,STOP
2025-04-07,-0.04105034655450179,EOD
2025-04-08,0.003077383823123503,EOD
2025-04-11,-0.0042761288650334794,EOD
2025-04-14,0.006235532366375196,EOD
2025-04-15,0.005596338368757614,EOD
2025-04-22,0.0012403177719773062,EOD
2025-04-23,-0.003758347038976262,EOD
2025-04-24,0.005394819238152104,EOD
2025-04-25,-0.0007161802353755631,EOD
2025-04-28,-0.005063873656262263,EOD
2025-04-30,0.002788221777137556,EOD
2025-05-05,-0.003813668349119781,STOP
2025-05-07,-0.0009766408609604982,EOD
2025-05-08,-8.48220128173427e-05,EOD
2025-05-12,0.008781904307047839,EOD
2025-05-15,0.010107537604016947,EOD
2025-05-16,-0.007254812028314461,STOP
2025-05-19,0.0015669713821946374,EOD
2025-05-20,0.0021915283306370714,EOD
2025-05-27,-0.0030860223659775476,EOD
2025-05-30,-0.005288486140683446,EOD
2025-06-04,0.001455404474667521,EOD
2025-06-05,-0.0023416378287465234,EOD
2025-06-10,-0.003660751001204887,STOP
2025-06-11,-0.003984053322248715,STOP
2025-06-13,-0.0004785960705714354,EOD
2025-06-16,0.00461358317745697,EOD
2025-06-17,-0.0053058334543020225,STOP
2025-06-23,-0.008290921620999536,STOP
2025-06-27,0.007456860277105015,EOD
2025-07-02,0.007503998667533374,EOD
2025-07-03,-0.0023481486110574767,EOD
2025-07-07,0.00023965270078485368,EOD
2025-07-08,-0.0042808635206937895,STOP
2025-07-09,0.002996595799977353,EOD
2025-07-10,0.0056199991512817515,EOD
2025-07-14,0.0009539136660363656,EOD
2025-07-15,-0.00443075021404693,STOP
2025-07-16,-0.0042614594358416635,STOP
2025-07-21,-0.0029513764530826325,STOP
2025-07-23,0.004597129617883056,EOD
2025-07-24,-0.003891287738005511,STOP
2025-07-25,0.0022421299398758254,EOD
2025-07-29,-0.004442153755307099,EOD
2025-07-30,-0.000993676138339561,EOD
2025-08-04,1.3294868123514547e-05,EOD
2025-08-05,-0.0029170182958639934,EOD
2025-08-06,-0.004367751433674405,STOP
2025-08-07,0.005374242849799371,EOD
2025-08-08,-0.003229246620932824,STOP
2025-08-12,-0.0002918556283749707,EOD
2025-08-14,0.00345910561143703,EOD
2025-08-19,0.0074009012124536255,EOD
2025-08-20,0.0017350481851905464,EOD
2025-08-22,0.011077966051912469,EOD
2025-08-26,-0.0018107496083298313,EOD
2025-08-28,-0.0030066354823212738,STOP
2025-09-01,-0.0038007421214081294,STOP
2025-09-03,0.00039834272125061077,EOD
2025-09-04,-0.0016960999143443845,EOD
2025-09-05,-0.006618219064772335,STOP
2025-09-08,0.0003658527222172303,EOD
2025-09-11,0.0010775839086984984,EOD
2025-09-12,-0.003457682997090483,STOP
2025-09-15,-0.004832618289129509,STOP
2025-09-16,-0.004200037220780661,STOP
2025-09-17,-0.003116745571892565,STOP
2025-09-18,-0.0017592820812097898,EOD
2025-09-19,-0.0012235397662402336,EOD
2025-09-23,0.0003277637869929517,EOD
2025-09-26,-0.003022933604727829,STOP
2025-09-29,-0.004644946311081366,STOP
2025-09-30,0.004125570083043595,EOD
2025-10-01,0.006237826208964181,EOD
2025-10-02,-0.0011197057956591205,EOD
2025-10-03,-0.0029653695104413513,STOP
2025-10-06,0.0021253922524124835,EOD
2025-10-08,-0.005555636737932135,STOP
2025-10-10,-0.00422621324029504,STOP
2025-10-14,0.0057344062752267,EOD
2025-10-16,-0.006129048671590254,STOP
2025-10-17,-0.005734492391312296,EOD
2025-10-20,-0.00352218934446924,STOP
2025-10-21,-0.002984126854214897,STOP
2025-10-22,-0.0034043377546152387,EOD
2025-10-23,-0.00022486518491138252,EOD
2025-10-24,0.0023720051930695707,EOD
2025-10-27,0.00015526642505392374,EOD
2025-10-30,0.0004897771742069512,EOD
2025-11-03,-0.006421043994953135,EOD
2025-11-04,0.003899188000000331,EOD
2025-11-05,0.0034244511026293445,EOD
2025-11-06,-0.001984603539681773,EOD
2025-11-10,-0.0004624806290373096,EOD
2025-11-11,0.006766083505988174,EOD
2025-11-12,0.0022488227449117826,EOD
2025-11-19,-0.0038257468683051687,STOP
2025-11-20,-0.003987418675460819,STOP
2025-11-21,0.002051126805499237,EOD
2025-11-24,-0.0032341451436480595,EOD
2025-11-25,0.007891734613508117,EOD
2025-11-26,0.001281756881132079,EOD
2025-12-01,-0.006293998363544606,STOP
2025-12-02,-0.0014987162430871726,EOD
2025-12-04,0.0021835304410675604,EOD
2025-12-05,-0.0005938185893273884,EOD
2025-12-08,-0.002880153166369359,STOP
2025-12-10,0.0008515629679739511,EOD
2025-12-11,0.004900318736203113,EOD
2025-12-12,-0.005014543040858466,STOP
2025-12-15,-0.0006423982131701367,EOD
2025-12-16,-0.0029268435885392297,STOP
2025-12-18,0.011134077170615653,EOD
2025-12-19,0.00034098707635776826,EOD
2025-12-23,-0.0018310337352643868,EOD
2025-12-29,0.0015844798004656102,EOD
2025-12-30,0.005139734374006721,EOD
2026-01-02,-0.005759804664783985,STOP
2026-01-05,-0.0027448264543745715,EOD
2026-01-07,0.0002972614122793704,EOD
2026-01-09,0.006763195208773443,EOD
2026-01-12,0.0013073252153945614,EOD
2026-01-13,-0.0014646278924399514,EOD
2026-01-15,0.0055348498119021095,EOD
2026-01-16,0.0003154740165844938,EOD
2026-01-20,-0.004208354932669911,STOP
2026-01-21,-0.003987777775497636,STOP
2026-01-22,-0.005991446259537403,STOP
2026-01-23,0.00013620879471254455,EOD
2026-01-26,-0.0027719969324271343,STOP
2026-01-27,0.0006754639641259885,EOD
2026-01-29,-0.00627893320667805,STOP
2026-02-04,0.0037884629199869124,EOD
2026-02-06,0.008462710543110097,EOD
2026-02-10,-0.0035144195238396847,STOP
2026-02-11,0.0026659810545706097,EOD
2026-02-13,-0.0040686730646641855,STOP
2026-02-16,-0.0026757417692720997,STOP
2026-02-17,-0.004349216526413624,STOP
2026-02-18,0.0037756845696998997,EOD
2026-02-19,-0.003487618160679218,STOP
2026-02-20,0.0031710859309763695,EOD
2026-02-23,-0.003190725548558482,STOP
2026-02-24,0.003509528462685818,EOD
2026-02-25,-0.004787651509834179,STOP
2026-02-26,-0.003724624257248732,STOP
2026-02-27,-0.005083097896739552,STOP
2026-03-02,-0.003952161599905968,EOD
2026-03-04,0.0042028842265484645,EOD
2026-03-05,-0.004893446492682307,STOP
2026-03-09,0.008059228744489388,EOD
2026-03-10,0.002198562437498497,EOD
2026-03-11,-0.0019830367979516428,EOD
2026-03-12,-0.006643224450029517,STOP
2026-03-13,-0.007718952912421084,STOP
2026-03-16,-0.0001448809146605834,EOD
2026-03-17,-0.0009552760285491679,EOD
2026-03-18,-0.007647993666975994,STOP
2026-03-23,0.027293126452414773,EOD
2026-03-24,0.001353105458996584,EOD
2026-03-25,-0.004937786611706074,STOP
2026-03-30,0.007449124737416879,EOD
2026-03-31,0.002616425765697983,EOD
2026-04-02,-0.001802390488795047,EOD
2026-04-07,-0.007842678016455107,STOP
2026-04-08,-0.002475612817083306,EOD
2026-04-09,0.0008903610795081285,EOD
2026-04-10,0.0030001485034927278,EOD
2026-04-13,0.005694705300207437,EOD
2026-04-14,-0.0028334678720020046,STOP
2026-04-15,-0.002029411272074677,STOP
2026-04-16,-0.0056017480463901315,STOP
2026-04-17,0.019042357706412716,EOD
2026-04-20,-0.0008420900824395172,STOP
2026-04-21,-0.003535746531420747,STOP
2026-04-23,-0.0007658239045972293,EOD
2026-04-24,-0.005068284743843798,STOP
2026-04-27,-0.004654120060667344,STOP
2026-04-28,-0.0059761917344282045,STOP
2026-04-29,-0.005867274899880148,STOP
2026-04-30,0.010650175815254403,EOD
2026-05-05,0.0027573573353434355,EOD
2026-05-06,0.009431175202093245,EOD
2026-05-11,0.0023298416567487656,EOD
2026-05-12,-0.00501825891579144,STOP
2026-05-18,0.010029970320183823,EOD
2026-05-20,0.01075171342474679,EOD
2026-05-21,-0.006011013935068532,STOP
2026-05-22,0.0005509485733452557,EOD
2026-05-25,0.002508404134774489,EOD
2026-05-29,0.0027172859800974614,EOD
2026-06-01,-0.006285167271905867,STOP
2026-06-02,0.0019686555202929057,EOD
2026-06-05,0.0018058962371862997,EOD
2026-06-08,0.00636144767284752,EOD
2026-06-09,-0.00526598379673171,STOP
2026-06-11,-0.0035443198356875927,EOD
2026-06-12,-0.007650622431831344,STOP
2026-06-16,-0.004426408809046545,STOP
2026-06-17,0.0038019757032945467,EOD
2026-06-22,0.0034615787713789814,EOD
2026-06-23,-0.003314648346484983,EOD
2026-06-24,-0.004630385853359509,STOP
2026-06-25,0.0036521256704069582,EOD
2026-06-26,-0.0030522262812795464,STOP
2026-06-29,-0.002854910661450605,STOP
2026-06-30,0.002795289257752298,EOD
2026-07-02,0.006632749530934623,EOD
2026-07-03,0.003265068429600504,EOD
2026-07-07,-0.004974858775721458,STOP
