date,ret,n,equity
2023-08-08,-0.013350915635928749,5,98664.90843640713
2023-08-09,-0.008015172408494507,5,97874.09218462101
2023-08-10,-0.0005161519176838233,5,97823.57428424835
2023-08-11,-0.009390128564131914,5,96904.99834511634
2023-08-14,-0.006905473078209776,5,96235.82348790018
2023-08-15,-0.0007997853429790588,2,96158.85548680504
2023-08-16,-0.005606808256086157,5,95619.71122196582
2023-08-17,-0.005271846144333811,5,95115.61881603798
2023-08-18,-0.003312145754758785,5,94800.58202296519
2023-08-21,-0.012188213461887218,5,93645.13229295814
2023-08-22,-0.0028276475030999254,5,93380.33686845249
2023-08-23,-0.005897843625537189,5,92829.59424390236
2023-08-24,-0.011204397382123452,5,91789.49458117242
2023-08-25,-0.005839784203057227,5,91253.46374071068
2023-08-28,-0.00017293590008096905,5,91237.68274082318
2023-08-29,-0.00610772000700975,5,90680.42852055385
2023-08-30,-0.007740935071767793,5,89978.47721109616
2023-08-31,-0.0006912586999007949,5,89916.27880592017
2023-09-01,-0.005327525132165575,5,89437.24757079082
2023-09-04,-0.008409865387588108,5,88685.09235808408
2023-09-05,0.00539442109346028,5,89163.49709097599
2023-09-06,-0.0007288881587691331,5,89098.50687375193
2023-09-07,-0.005115160750506251,5,88642.7536884626
2023-09-08,-0.01071492347192847,5,87692.95336634973
2023-09-11,-0.007429433488435974,5,87041.44440190992
2023-09-12,-0.005682074040363835,5,86546.86847023806
2023-09-13,-0.01019189575507152,5,85664.79180886151
2023-09-14,0.009012478733953357,5,86436.84392328742
2023-09-15,-0.012776570260232763,5,85332.47751382878
2023-09-18,-0.012532418571181045,5,84263.05518790957
2023-09-19,-0.006628565138210293,5,83704.5120378519
2023-09-20,0.0063153652502201535,5,84233.13660446239
2023-09-21,-0.010808484294902651,5,83322.70407036267
2023-09-22,-0.007642008658056784,5,82685.95124444425
2023-09-25,-0.011282108304754743,5,81753.07938722277
2023-09-26,-0.009221377229379865,5,80999.20340252975
2023-09-27,-0.009580883061819243,5,80223.1595066296
2023-09-28,0.0012470986006302733,5,80323.20569658847
2023-09-29,-0.0066264666910592716,5,79790.94664952092
2023-10-02,-0.005758331751266802,3,79331.48390796535
2023-10-03,-0.014539990762176543,5,78178.00486479378
2023-10-04,-0.006026833263141559,5,77706.8390646286
2023-10-05,-0.005405217170646889,5,77286.81672383977
2023-10-06,0.004892141331179203,5,77664.91475428973
2023-10-09,-0.005366816041699271,5,77248.1014439092
2023-10-10,-0.0004216586755356598,5,77215.52911176671
2023-10-11,-0.00019950132102023143,5,77200.12451170564
2023-10-12,-0.007345509792815128,5,76633.05024109836
2023-10-13,-0.009202963926279737,5,75927.79904416874
2023-10-16,-0.004273824509780008,5,75603.29695564012
2023-10-17,-0.009594970888400186,5,74877.88552228367
2023-10-18,-0.014567971598596916,5,73787.06661263206
2023-10-19,-0.007349175377771941,5,73244.79251948449
2023-10-20,-0.007774199337047025,5,72675.37290203736
2023-10-23,-0.00858523296731067,5,72051.4378946872
2023-10-24,0.002944587204651375,5,72263.59963678864
2023-10-25,0.001630005395741932,5,72381.38969411232
2023-10-26,-0.0023263817620240287,5,72213.002949218
2023-10-27,-0.009502319010189572,5,71526.81195851076
2023-10-30,-0.006919127180933957,5,71031.90884972308
2023-10-31,-0.004582798208107105,5,70706.38394512814
2023-11-01,-0.007395840641120807,5,70183.45079716007
2023-11-02,-0.007661929184740254,5,69645.71016721152
2023-11-03,-0.007749697906432526,5,69105.97695293667
2023-11-06,-0.0066371493252707385,5,68647.31026463132
2023-11-07,-0.007051290758688674,5,68163.25812015349
2023-11-08,0.005489633557684318,5,68537.44942933098
2023-11-09,0.003535713870943527,5,68779.77823995736
2023-11-10,-0.003839536218489656,5,68515.69579030537
2023-11-13,-0.0077020708287512145,5,67987.98304844726
2023-11-14,0.02169044868403961,5,69462.67290589097
2023-11-15,-0.008144629541100299,5,68896.92516813785
2023-11-16,-0.007717162094669735,5,68365.236428791
2023-11-17,-0.003646555516796609,5,68115.93879873448
2023-11-20,0.0011699417622814377,5,68195.63048021213
2023-11-21,-0.00786192516401952,5,67659.48153686358
2023-11-22,-0.0051125746357729126,5,67313.56738768867
2023-11-23,-0.008729389732263679,5,66725.96102369254
2023-11-24,-0.005342763477114095,5,66369.45999615981
2023-11-27,-0.009995899348507939,5,65706.03755422337
2023-11-28,-0.0029306585824437755,5,65513.475591346716
2023-11-29,-0.005375496171777736,5,65161.30815410558
2023-11-30,-0.004545137332872526,5,64865.14105975554
2023-12-01,-0.006684106266485643,5,64431.57556392155
2023-12-04,-0.00317360209536591,5,64227.095380704166
2023-12-05,0.003734979410227149,5,64466.982259529796
2023-12-06,0.003884170176250748,5,64717.38298937514
2023-12-07,-0.005259510260459108,5,64377.001249512454
2023-12-08,-0.002253616433594526,5,64231.92018155102
2023-12-11,0.006890910991684521,5,64674.53662634708
2023-12-12,-0.006260082770745088,5,64269.66867390656
2023-12-13,-0.008436112091119927,5,63727.48254491435
2023-12-14,0.0030425721373652436,5,63921.378007689935
2023-12-15,-0.005323369011769649,5,63581.100924814185
2023-12-18,-0.009456732631787798,5,62979.8314529335
2023-12-19,-0.003751889657965521,5,62743.538074644835
2023-12-20,0.001044813006542525,5,62809.093339301726
2023-12-21,-0.006803939966299452,5,62381.744038883415
2023-12-22,-0.001509048553529454,5,62287.6069582749
2023-12-27,-0.008273140597289572,5,61772.292828440375
2023-12-28,-0.005663942783566864,5,61422.41809625035
2023-12-29,-0.0016564978702088584,5,61320.67199149084
2024-01-02,-0.0076776522021471645,5,60849.87319913823
2024-01-03,-0.002420051673488882,2,60702.613361671065
2024-01-04,0.0058564656198355405,5,61058.11612985785
2024-01-05,-0.0019781055748997987,5,60937.33672994851
2024-01-08,-0.0003407479957358319,5,60916.5724545923
2024-01-09,-0.010107156408685678,5,60300.8791289127
2024-01-10,-0.006775490249598057,5,59892.311110332565
2024-01-11,-0.00907695299350116,5,59348.67141771193
2024-01-12,-0.0019294954472204161,5,59234.158426412876
2024-01-15,-0.009521276036632295,5,58670.17365323739
2024-01-16,-0.003051598954810516,5,58491.13581263862
2024-01-17,-0.004296079251559423,5,58239.8532576738
2024-01-18,-0.0014317034773903522,5,58156.47105724209
2024-01-19,-0.005155671680218452,5,57856.63538639082
2024-01-22,-0.003692809640003744,5,57642.98184549778
2024-01-23,0.0019708097766121847,5,57756.585197671964
2024-01-24,-0.009920450489110662,5,57183.61385379836
2024-01-25,-0.007599845404826463,5,56749.027228820196
2024-01-26,-0.005566449221902645,5,56433.136650358596
2024-01-29,-0.0018539374037877504,5,56328.51314750943
2024-01-30,-0.010155844969108605,5,55756.44950064292
2024-01-31,-0.011777301074090548,5,55099.78900805153
2024-02-01,0.001931454503418198,5,55206.21174366852
2024-02-02,-0.007521534816354589,5,54790.97629995948
2024-02-05,-0.012745439422559754,5,54092.641230625435
2024-02-06,-0.008587114788667102,5,53628.14151115587
2024-02-07,-0.0005995300977879786,5,53595.9898262315
2024-02-08,-0.005156929822964547,5,53319.5990679053
2024-02-09,-0.011278783993793593,5,52718.21882738273
2024-02-12,0.003259634174367912,5,52890.06093508426
2024-02-13,-0.013594525831812407,5,52171.045635456125
2024-02-14,-0.005649931976041897,5,51876.28277649682
2024-02-15,-0.011487191191027289,5,51280.369997963404
2024-02-16,-0.001869326719673822,5,51184.510232131455
2024-02-19,-0.0019350426788413116,5,51085.46602033669
2024-02-20,-0.0023709469684238455,5,50964.34508954525
2024-02-21,-0.009877423744883016,5,50460.94865721536
2024-02-22,-0.0055568671305868365,5,50180.543870243855
2024-02-23,0.005500728995239537,5,50456.57344290779
2024-02-26,0.00426097039595065,5,50671.56740862914
2024-02-27,0.005814267904650064,5,50966.18547669144
2024-02-28,-0.0036251093788627646,5,50781.42747971502
2024-02-29,-0.0045967461082071365,5,50547.998150578445
2024-03-01,-0.008805220332833295,5,50102.91188947895
2024-03-04,-0.006146137505482837,5,49794.97250358112
2024-03-05,-0.010538704085143378,5,49270.198023438024
2024-03-06,-0.0032733732731655115,5,49108.918274064534
2024-03-07,0.004936496894072043,5,49351.344296595686
2024-03-08,0.0017285336769872124,5,49436.64975721694
2024-03-11,-0.003284298750824307,5,49274.285030174375
2024-03-12,0.009395345648232004,5,49737.23396960237
2024-03-13,0.004866454040459637,5,49979.277932815035
2024-03-14,-0.009153115785722652,5,49521.81181500917
2024-03-15,-0.0005811700107526483,5,49493.03122310415
2024-03-18,-0.012807504939321377,5,48859.148981252256
2024-03-19,0.000804406611555001,5,48898.45160372773
2024-03-20,0.0017293208609943024,5,48983.01271615638
2024-03-21,-0.003986354268805434,5,48787.74907431638
2024-03-22,-0.004965545070407992,5,48545.4913074041
2024-03-25,-0.01086903093010155,5,48017.84886086696
2024-03-26,-0.0010437224996204004,5,47967.731551627505
2024-03-27,-0.007365042193751078,5,47614.44718481124
2024-03-28,-0.007214507449935667,5,47270.93240087185
2024-04-02,-0.015206002604183907,5,46552.13047968198
2024-04-03,-0.0013986948419712458,5,46487.01825489728
2024-04-04,-0.004764250399001799,5,46265.54245962799
2024-04-05,-0.007350174925377914,5,45925.48262953222
2024-04-08,-0.00033546449256246136,5,45910.076260806214
2024-04-09,0.004212652954879684,5,46103.47947922505
2024-04-10,-0.016016334716775424,5,45365.07072027779
2024-04-11,-0.008896129082861911,5,44961.49719529704
2024-04-12,-0.008958416550791756,5,44558.71337467431
2024-04-15,-0.0055762525550625405,5,44310.24273536849
2024-04-16,-0.005205567764346627,5,44079.58276415488
2024-04-17,-0.008416628180362404,5,43708.581305683474
2024-04-18,-0.008099294764906947,5,43354.57262193285
2024-04-19,0.0007088101792613356,5,43385.3027843248
2024-04-22,-0.007172050196073418,5,43074.14121498378
2024-04-23,0.00172840889192151,5,43148.59094367165
2024-04-24,-0.006796999899634301,5,42855.30997535815
2024-04-25,-0.020076972609943552,5,41994.90509079224
2024-04-26,-0.002652153921246033,5,41883.52813858334
2024-04-29,-0.006304241180290812,5,41619.48427571621
2024-04-30,-0.004503156101790492,5,41432.06524114665
2024-05-02,-0.013424752798178483,5,40875.85000736626
2024-05-03,-0.00020521438582790912,5,40867.4616949118
2024-05-06,0.0008336175613321924,5,40901.52952866774
2024-05-07,0.005389302150507094,5,41121.96022971562
2024-05-08,-0.0065601038355124295,5,40852.19590068888
2024-05-10,-0.0031383733706621918,5,40723.986456941086
2024-05-13,-0.00056137413565834,5,40701.12506424326
2024-05-14,0.008000309264279318,5,41026.74665216132
2024-05-15,-0.0042711166277636355,5,40851.51663235223
2024-05-16,-0.0020576458287539035,5,40767.4586795554
2024-05-17,0.003238560276370142,5,40899.48655180356
2024-05-20,-0.001490680197843605,5,40838.51849709881
2024-05-21,-0.002877921930875268,5,40720.98842909156
2024-05-22,-0.000680391557172418,5,40693.28221236469
2024-05-23,-0.00696764063602818,5,40409.74604560846
2024-05-24,-0.004316275441311753,5,40235.32645116215
2024-05-27,-0.001894064139180681,5,40159.11816220278
2024-05-28,-0.011265211806597172,5,39706.7171901394
2024-05-29,-0.008085363093594256,4,39385.67396440247
2024-05-30,0.0031814018758099,5,39510.97562143285
2024-05-31,0.0010614839683088882,5,39552.91588862725
2024-06-03,-0.004665896752640872,5,39368.36606682503
2024-06-04,-0.007013121963370858,5,39092.270914099754
2024-06-05,-0.004383394587878383,5,38920.91406534701
2024-06-07,-0.008453359407685577,5,38591.90159027699
2024-06-10,-0.010750652102500955,5,38177.01348230597
2024-06-11,-0.009942974800835044,5,37797.420399280265
2024-06-12,0.009478973207361855,5,38155.70113455243
2024-06-13,0.0015270449270227506,5,38213.96660440695
2024-06-14,-0.008582702467946754,5,37885.98749892127
2024-06-17,-0.00496313996104659,5,37697.95404040166
2024-06-18,0.0004073721720407134,5,37713.311137820594
2024-06-19,-0.0052296335809688035,5,37516.08433944472
2024-06-20,-0.0027350071434685567,5,37413.47758078137
2024-06-24,0.0036089595121092145,5,37548.50130657762
2024-06-25,-0.007002641899328629,5,37285.562598071185
2024-06-26,-0.0123428054042629,5,36825.354154534725
2024-06-27,-0.003119569322736789,5,36710.474909415316
2024-06-28,-0.009011600482791756,5,36379.65477599812
2024-07-01,-0.001290156972283371,5,36332.7193107396
2024-07-02,-0.0021955115809469596,5,36252.950404725576
2024-07-03,-0.0105427202597114,5,35870.745690019365
2024-07-04,-0.0028789360282708587,5,35767.47610789143
2024-07-05,-0.006785591765839491,5,35524.77261652886
2024-07-08,-0.002535693602203256,5,35434.692677885396
2024-07-09,-0.010602758532872122,5,35058.98718773525
2024-07-10,-0.0009087761186517516,5,35027.12641743492
2024-07-11,0.003096883121551,5,35135.60133403351
2024-07-12,0.020632408445667196,5,35860.533411741424
2024-07-15,-0.010218596932206267,5,35494.08907503293
2024-07-16,-0.002329035895265393,5,35411.422067507425
2024-07-17,-0.005481354006147451,5,35217.31952729432
2024-07-18,-0.0014419900007140855,5,35166.536504684
2024-07-19,-0.006414124407609453,5,34940.97396455822
2024-07-22,-0.0062806650176401605,5,34721.52141169674
2024-07-23,-0.0034084850746035253,5,34603.17362419745
2024-07-24,-0.00017220881975291423,5,34597.214652507915
2024-07-25,0.002466179053347753,5,34682.53757858811
2024-07-26,0.0042797122179658725,5,34830.96885841326
2024-07-29,-0.008285587023355388,5,34542.37383482909
2024-07-30,-0.006328320863986122,5,34323.77860979853
2024-07-31,-0.007826000656664597,5,34055.160695859035
2024-08-01,-0.010763484054571646,5,33688.608516733286
2024-08-02,-0.010004947782468219,5,33351.55574765935
2024-08-05,-0.0033937130518805953,5,33238.370137618
2024-08-06,-0.005082048642668116,3,33069.451123775616
2024-08-07,-0.004551107719126266,5,32918.94848949894
2024-08-08,0.005466493316755675,5,33098.89970141141
2024-08-09,-0.004818371030958754,5,32939.416921933516
2024-08-12,-0.006344855674101532,5,32730.421075574795
2024-08-13,-0.006535548130021338,5,32516.509833319513
2024-08-14,-0.007897537376241045,5,32259.709481565962
2024-08-15,0.00488555120757043,5,32417.315944179503
2024-08-16,-0.008360877389573482,5,32146.278740271155
2024-08-19,-0.0026093207312988106,5,32062.398788720053
2024-08-20,-0.011849431312024636,5,31682.477596574372
2024-08-21,-0.010753545903194337,5,31341.77861941268
2024-08-22,-0.0023109326881758452,5,31269.349878695506
2024-08-23,-0.002001363678763299,5,31206.768537589745
2024-08-26,-0.0031441869198062986,5,31108.64862414443
2024-08-27,-0.008448161470387924,5,30845.837737442096
2024-08-28,-0.0013145980614331107,5,30805.287858949177
2024-08-29,0.002882310262713364,5,30894.078256290864
2024-08-30,-0.005456908181914253,5,30725.492107881408
2024-09-02,-0.009047414040633592,5,30447.505859179186
2024-09-03,-0.011338471279855397,5,30102.27768845165
2024-09-04,-0.010717771840317133,5,29779.64834431296
2024-09-05,-0.006637631910550254,5,29581.98200017778
2024-09-06,-0.011472822561391403,5,29242.593169675467
2024-09-09,-0.006138680335467392,5,29063.08223802671
2024-09-10,-0.016138090624496056,5,28594.059583042254
2024-09-11,-0.010268864088679382,5,28300.43107144039
2024-09-12,-0.004937457056793078,5,28160.698908336424
2024-09-13,0.0005106863792153776,5,28175.080193698097
2024-09-16,-0.005047151712034434,5,28032.87628946177
2024-09-17,-0.0005349620367989104,5,28017.87976486462
2024-09-18,-0.00862780108156703,5,27776.14707152611
2024-09-19,-0.0005000820371878397,5,27762.25671931335
2024-09-20,-0.006064919631693186,5,27593.88086351628
2024-09-23,-0.007730798071502507,5,27380.558142551337
2024-09-24,-0.009107812950889546,5,27131.18114049802
2024-09-25,0.0037462219979390947,5,27232.82056811663
2024-09-26,-0.0018113543905749457,5,27183.492279012833
2024-09-27,-0.0063590565478326725,5,27010.630914443016
2024-09-30,-0.009918602456756428,5,26742.723204296482
2024-10-01,-0.008326808808314098,5,26520.04166116064
2024-10-02,-0.0021322401750341587,5,26463.494562887136
2024-10-03,-0.012031987739796532,5,26145.086120754306
2024-10-04,-0.009968905677321746,5,25884.448223291052
2024-10-07,-0.0012139799020400046,5,25853.025023372582
2024-10-08,-0.0034537935263843607,5,25763.734012909405
2024-10-09,-0.0036566521055943014,5,25669.52500068313
2024-10-10,-0.008037139975068353,4,25463.21543515912
2024-10-11,0.006224753385707796,5,25621.717671650134
2024-10-14,-0.005542055305774593,5,25479.72069528491
2024-10-15,-0.011272554689270273,5,25192.49915027998
2024-10-16,-0.005093564026018646,5,25064.179542882608
2024-10-17,-0.008354937050362086,5,24854.76990058285
2024-10-18,-0.01002076607701866,5,24605.70606551099
2024-10-21,-0.014380347842206062,5,24251.867453385858
2024-10-22,0.0023969890109686227,5,24309.998913167088
2024-10-23,-0.005029112206880434,5,24187.74120088363
2024-10-24,-0.011098302054309447,5,23919.29834302476
2024-10-25,0.0014158129931710758,5,23953.16359640635
2024-10-28,7.332806618919608e-05,5,23954.920035571988
2024-10-29,-0.01181771197558273,5,23671.82769019348
2024-10-30,-0.011183657362802432,5,23407.090080155056
2024-10-31,-0.010556338396290763,5,23159.99691639648
2024-11-01,-0.002636519161984826,5,23098.93514073489
2024-11-04,-0.006234400076432664,5,22954.92713772798
2024-11-05,0.003406619385852153,5,23033.125837516192
2024-11-06,-0.028215229406337618,5,22383.24090806563
2024-11-07,0.008326627910845255,5,22569.617826545902
2024-11-08,-0.012077061591053758,5,22297.043161968162
2024-11-11,-0.005870417607176089,5,22166.15020720218
2024-11-12,-0.013911703921133552,5,21857.781288448212
2024-11-13,-0.011904095765084253,5,21597.58416677826
2024-11-14,0.0010531052306395866,5,21620.32869563347
2024-11-15,-0.013321140520189142,5,21332.32125898626
2024-11-18,-0.003313947051400587,5,21261.627075850512
2024-11-19,0.00185982298567334,3,21301.169938598996
2024-11-20,-0.011086348935085963,5,21065.017735934125
2024-11-21,0.0019823473454312263,5,21106.775917924413
2024-11-22,-0.002554741092045684,5,21052.853570166295
2024-11-25,-0.007831014503188979,5,20887.988368524806
2024-11-26,-0.007036152847558283,5,20741.017289685846
2024-11-27,-0.005176255262556592,5,20633.656489789333
2024-11-28,-0.007990533680614073,5,20468.782562653447
2024-11-29,-0.006387494490770881,5,20338.03832680171
2024-12-02,0.01306633979800972,5,20603.78204640465
2024-12-03,0.004102055133856656,5,20688.299896324967
2024-12-04,0.000743808435899044,5,20703.688028312263
2024-12-05,0.0024797569462898274,5,20755.028142514286
2024-12-06,0.0007069103702187641,5,20769.700087142413
2024-12-09,-0.00683211906175257,5,20627.799023270163
2024-12-10,-0.008937819404621225,5,20443.431480885352
2024-12-11,-0.004313773408578022,5,20355.243149783022
2024-12-12,-0.006450137798442532,5,20223.94902654612
2024-12-13,-0.010909914532581996,5,20003.307471155207
2024-12-16,-0.0049472737463201,5,19904.345633263594
2024-12-17,-0.005092673457791461,5,19802.979300562365
2024-12-18,-0.003979856984151183,5,19724.166275086023
2024-12-19,-0.01325946538776289,5,19462.63437505904
2024-12-20,0.002368883091534061,5,19508.739080546824
2024-12-23,-0.0015565308083694237,5,19478.373127135514
2024-12-27,-0.0076711047987442745,5,19328.952485568214
2024-12-30,-0.0020021481841779065,5,19290.253058447175
2025-01-02,0.000257461423289743,5,19295.21955445522
2025-01-03,-0.006132858285787588,5,19176.884707334586
2025-01-07,-0.004789476675968326,5,19085.037465311074
2025-01-08,-0.008535536408152309,5,18922.13643317496
2025-01-09,0.004322758035243015,5,19003.93225048543
2025-01-10,-0.008819546080073945,5,18836.326194299672
2025-01-13,-0.003241583736872075,5,18775.266665645813
2025-01-14,-0.006108711979265133,5,18660.573969251484
2025-01-15,0.02486426761479265,5,19124.555474268585
2025-01-16,0.00010879326965180045,5,19126.636097189265
2025-01-17,0.0004625346913347407,5,19135.48282991275
2025-01-20,-0.0036582722094995997,5,19065.480024860724
2025-01-21,-0.001873202368386892,5,19029.766522523725
2025-01-22,-0.0035228295768800905,5,18962.727898177058
2025-01-23,0.00590906086137725,5,19074.77981142512
2025-01-24,-0.013007113451684113,5,18826.67198635202
2025-01-27,-0.003571279754225095,5,18759.436673847722
2025-01-28,-0.004418611289588434,5,18676.546015174343
2025-01-29,-0.007210542345165702,5,18541.87798927049
2025-01-30,-0.00299285299654067,5,18486.384874168813
2025-01-31,-0.007207665084912715,5,18353.14120336501
2025-02-03,-0.006765188745390657,5,18228.97873905344
2025-02-04,-0.001143513657372627,5,18208.133652905377
2025-02-05,0.0061541432843122,5,18320.18911634526
2025-02-06,0.007030860389044205,5,18448.995808323172
2025-02-07,-0.010131805465105512,5,18262.074171766693
2025-02-10,0.001348130333322232,5,18286.693827907035
2025-02-11,-0.0034224178919773558,5,18224.109119765293
2025-02-12,-0.009684069774962441,5,18047.625575462956
2025-02-13,0.01255798751923313,5,18274.267432191413
2025-02-14,-0.006727402439176519,5,18151.329080893924
2025-02-17,0.0013053250108232696,5,18175.022464722897
2025-02-18,-0.006310225459313043,5,18060.333975242418
2025-02-19,-0.009053512645008362,5,17896.82451322449
2025-02-20,0.0025777691721031427,5,17942.958395733218
2025-02-21,-0.011734298836421261,5,17732.410359908212
2025-02-24,-0.005467782453584066,5,17635.45339768255
2025-02-25,-0.0017759392004446845,5,17604.133904675993
2025-02-26,-0.0036894298428650748,5,17539.18468769029
2025-02-27,-0.007576861622046569,5,17406.29271234814
2025-02-28,-0.008589059293896204,5,17256.78903215487
2025-03-03,-0.008621356787791043,5,17108.012096897022
2025-03-04,-0.00923736689534892,4,16949.979112307916
2025-03-05,-0.004004991772577968,5,16882.094585417755
2025-03-06,-0.003921907961099777,5,16815.884564263168
2025-03-07,0.007454822123592,5,16941.243992540607
2025-03-10,0.004064302141275014,5,17010.09832677535
2025-03-11,-0.018204753230690672,5,16700.43368430662
2025-03-12,-0.004058316474066012,5,16632.658039161553
2025-03-13,-0.008735801069720392,5,16487.35844727075
2025-03-14,0.0019955244429971904,5,16520.259374052737
2025-03-17,-0.005435101280285667,5,16430.47009117817
2025-03-18,-0.011082996006477872,5,16248.371256773089
2025-03-19,0.0025867327165464277,5,16290.401450293579
2025-03-20,-0.0041345468061161645,5,16223.048023006917
2025-03-21,-0.005743156341279762,5,16129.8765218787
2025-03-24,-0.0016900403584453633,5,16102.616379579984
2025-03-25,-0.0007307828649620509,5,16090.848863448728
2025-03-26,-0.00198627259540862,1,16058.8880513144
2025-03-27,-0.004893603963260782,5,15980.302213100926
2025-03-28,-0.010560740196285242,5,15811.538393170244
2025-03-31,-0.007440784675044085,5,15693.888140605472
2025-04-01,-0.007272373676940144,5,15579.756321602888
2025-04-02,0.001997048909286129,5,15610.86985697189
2025-04-03,-0.007187966838125534,5,15498.659442125683
2025-04-04,-0.006615320291767496,2,15396.130845822998
2025-04-07,0.008745219784485494,5,15530.773393900416
2025-04-08,0.006433598906637852,5,15630.692160626653
2025-04-09,-0.01753858382345993,5,15356.551955948802
2025-04-10,-0.003435396547944927,3,15303.796110370999
2025-04-11,-0.005767129158210258,5,15215.537141591572
2025-04-14,0.0092288013209641,5,15355.958310863072
2025-04-15,0.004180587992409116,5,15420.1552457894
2025-04-16,-0.008951668770227714,5,15282.119123643603
2025-04-17,-0.004382992189356546,5,15215.137714887858
2025-04-22,0.0014571363575964923,5,15237.30824523806
2025-04-23,-0.0032155555728061135,5,15188.31183379552
2025-04-24,0.012308357581142607,5,15375.255006899777
2025-04-25,-0.003416947485373719,5,15322.718567966973
2025-04-28,-0.00895683562108692,5,15185.475496485515
2025-04-29,-0.0146903422921104,5,14962.395663573689
2025-04-30,0.004806881513053365,5,15034.318126679911
2025-05-02,0.002611774758776489,5,15073.584379278587
2025-05-05,0.0011583165305881916,5,15091.044361240321
2025-05-06,-0.004074682888754951,5,15029.553141008135
2025-05-07,-0.009069589604098257,5,14893.241262086205
2025-05-08,-0.003458535069486532,5,14841.732464882953
2025-05-09,-0.005626425925716614,5,14758.226556559986
2025-05-12,0.006133363722838584,5,14848.744127935426
2025-05-13,-0.0050122946994234,5,14774.31784644988
2025-05-14,-0.005699480282999011,5,14690.111913189277
2025-05-15,0.005810210200777913,5,14775.464551277859
2025-05-16,-0.00974154875319598,5,14631.528643000465
2025-05-19,0.006650861028936609,5,14728.840906645968
2025-05-20,0.0041301203790379635,5,14789.672792634115
2025-05-21,-0.007286317788443628,5,14681.910536679885
2025-05-22,-0.010360963339403737,5,14529.79179985694
2025-05-23,-0.014443538974360511,5,14319.930185706362
2025-05-26,-0.010146199703856915,5,14174.637314296895
2025-05-27,-0.0053589532823147355,5,14098.676095135823
2025-05-28,-0.006657300448761813,5,14004.816972440729
2025-05-30,-0.00830349304536707,5,13888.528072108427
2025-06-02,-0.007433734058493044,5,13785.28444795646
2025-06-03,-0.004485121114061128,5,13723.455777615593
2025-06-04,0.0025802029355291778,5,13758.8650784986
2025-06-05,-0.007403819679022203,5,13656.996922469403
2025-06-09,-0.010116146915339916,5,13518.840735179358
2025-06-10,-0.004407176711404989,5,13459.260815126081
2025-06-11,-0.012339008810676119,5,13293.186877343052
2025-06-12,-0.003072809728339351,5,13252.33944338572
2025-06-13,-0.004663221294303241,5,13190.54085189399
2025-06-16,0.003542168576162622,5,13237.263971202157
2025-06-17,-0.01324955604162735,5,13061.876100377898
2025-06-18,-0.00845187641811361,5,12951.478737788791
2025-06-19,-0.0061728456779804285,5,12871.531258238778
2025-06-23,-0.009477055873775994,5,12749.547037323395
2025-06-24,-0.010538381033200182,5,12615.187452643373
2025-06-25,-0.003919515819358998,4,12565.742025858559
2025-06-26,-0.0016964896425058023,5,12544.42437466129
2025-06-27,-0.00047580463912620576,5,12538.455679348655
2025-06-30,-0.00636250025809478,5,12458.679751852691
2025-07-01,-0.01296622869520457,5,12297.137660949853
2025-07-02,0.00820487071727111,5,12398.03408565043
2025-07-03,-0.008020312835606877,5,12298.597973736996
2025-07-04,-0.0014316766100653658,5,12280.9903586814
2025-07-07,-0.0017936490330445608,5,12258.96257219972
2025-07-08,-0.002635006127285186,5,12226.660130707814
2025-07-09,-0.002155667622673837,5,12200.30351533061
2025-07-10,-0.0013494684281726362,5,12183.839590922547
2025-07-11,-0.010271742772286938,5,12058.690324665786
2025-07-14,-0.0026224218157245927,5,12027.067352089316
2025-07-15,-0.006023933830559666,5,11954.617094184645
2025-07-16,-0.007293505652815555,5,11867.426026830966
2025-07-17,-0.009077743846885164,5,11759.696573237536
2025-07-18,-0.007447802960451541,5,11672.112670285365
2025-07-21,-0.009636768480308464,5,11559.63122280575
2025-07-22,-0.007727901382815658,5,11470.299532694191
2025-07-23,-0.002855784119996859,5,11437.542833437114
2025-07-24,-0.010681601686173856,5,11315.371556621787
2025-07-25,-0.006313511159045379,5,11243.931832030312
2025-07-28,-0.0017867216330112762,1,11223.842055785919
2025-07-29,-0.005921687097018377,5,11157.377975105199
2025-07-30,0.003461609743384312,5,11196.000463414444
2025-07-31,-0.005056184165858654,5,11139.391423150382
2025-08-01,-0.006809555186269986,5,11063.537122512977
2025-08-04,-0.003230775774912583,5,11027.793314792716
2025-08-05,-0.003799684067064821,5,10985.891184239616
2025-08-06,-0.011417115151022469,5,10860.463999552549
2025-08-07,-0.00047949448425597865,5,10855.256466968302
2025-08-08,-0.006039793213296627,5,10789.692962630512
2025-08-11,-0.0038561778417830787,5,10748.085987708373
2025-08-12,-0.004536481695434866,5,10699.327492364175
2025-08-13,-0.003378440380846967,5,10663.180452316064
2025-08-14,-0.003174445416931579,5,10629.330767999296
2025-08-15,-0.008063176426165839,5,10543.624598724844
2025-08-18,0.003415955189920542,5,10579.641147893431
2025-08-19,0.010850997239725348,5,10694.440804786507
2025-08-20,-0.005292252074057665,5,10637.843128256489
2025-08-21,-0.006616470026943886,5,10567.458158047048
2025-08-22,0.006489384546648882,5,10636.034457715237
2025-08-25,-0.007854104319509312,5,10552.497933538447
2025-08-26,-0.007948553378869846,5,10468.620840433305
2025-08-27,-0.004902322517500143,5,10417.300284760076
2025-08-28,-0.007351464918533365,5,10340.717867170835
2025-08-29,-0.005777745406275766,5,10280.971832016196
2025-09-01,-0.008802561322554844,5,10190.472947009413
2025-09-02,-0.008009820999520977,4,10108.849082803408
2025-09-03,0.0048540600416298405,5,10157.91804320311
2025-09-04,-0.0045133507407278586,5,10112.071796278566
2025-09-05,-0.003056179807335909,5,10081.167486644448
2025-09-08,-0.005582774007375044,5,10024.886606836015
2025-09-09,-0.0016091725221877816,5,10008.754834770247
2025-09-10,-0.013686204357382267,5,9871.772970738644
2025-09-11,0.0018962877958390272,5,9890.49269334635
2025-09-12,-0.009579328432008025,5,9795.748415482409
2025-09-15,-0.008505139272122495,5,9712.434210934058
2025-09-16,-0.012144911445712378,5,9594.477557519956
2025-09-17,-0.003838387041801003,5,9557.650239190321
2025-09-18,-0.0013919174813082772,5,9544.346778742161
2025-09-19,-0.00889500952430505,5,9459.44972324198
2025-09-22,-0.0007118832100092865,5,9452.715699808077
2025-09-23,-0.004804927892531649,5,9407.296082481897
2025-09-24,-0.010255491813518067,5,9310.819634520665
2025-09-25,-0.0078297179707114,5,9237.918542706206
2025-09-26,-0.001651561042526558,5,9222.661556327039
2025-09-29,0.003825095440341411,5,9257.939116993957
2025-09-30,-0.00021108961228100928,5,9255.98486221523
2025-10-01,0.008622909919794922,5,9335.798385901098
2025-10-02,-0.005951267257084178,5,9280.238554648346
2025-10-03,-0.0048905384863361465,5,9234.853190834458
2025-10-06,0.0009403912297260378,5,9243.537565782926
2025-10-07,-0.0017792932076969934,5,9227.090602177037
2025-10-08,-0.007414336071902503,5,9158.677851486604
2025-10-09,-0.004978736805760872,5,9113.0792049753
2025-10-10,-0.011624315957205686,5,9007.145892953626
2025-10-13,-0.007801262819829899,5,8936.878780586143
2025-10-14,-0.006127453880824927,5,8882.11846801958
2025-10-15,-0.002743063339976012,5,8857.754254468631
2025-10-16,-0.004733846023337737,5,8815.823009715414
2025-10-17,-0.0035478891779453597,5,8784.545446664562
2025-10-20,-0.012077402677796143,5,8678.450953963795
2025-10-21,0.0009887369571074086,5,8687.031659152422
2025-10-22,-0.005376667124309118,5,8640.324381622826
2025-10-23,-0.0004200266502740385,5,8636.695215115531
2025-10-24,-0.0013693465833974766,5,8624.868586030867
2025-10-27,-0.008596152297457568,5,8550.727902119786
2025-10-28,-0.0017554430083533156,5,8535.71758660768
2025-10-29,-0.006584525212022227,5,8479.513938955959
2025-10-30,-0.007654804552249236,5,8414.604917055178
2025-10-31,-0.002944832843031272,5,8389.8253121343
2025-11-03,-0.01015120677912312,5,8304.658460550105
2025-11-04,-0.004059162471593021,5,8270.948502587642
2025-11-05,0.0009100370754738937,5,8278.475372374332
2025-11-06,-0.008758500140371304,5,8205.968344663332
2025-11-07,0.0002926028993487515,5,8208.369434792947
2025-11-10,-0.0020814307508491975,5,8191.284282237038
2025-11-11,0.0036001730093679165,5,8220.774322822008
2025-11-12,-0.0022523670681537564,5,8202.258121462559
2025-11-13,-0.01096914547907973,5,8112.2863588712735
2025-11-14,-0.008112293488179243,5,8046.477111067957
2025-11-17,-0.01918319236300966,5,7892.119992801786
2025-11-18,-0.016826112906593978,5,7759.326290730514
2025-11-19,0.004151388544458326,5,7791.538269006568
2025-11-20,-0.007116877793135709,5,7736.086843325507
2025-11-21,-0.003515214840141598,5,7708.892836049225
2025-11-24,-0.00936242257748968,5,7636.718923713549
2025-11-25,0.004266362037007779,5,7669.29993141698
2025-11-26,-0.004017417725749936,5,7638.489149928412
2025-11-27,-0.004174013827410146,5,7606.605990596089
2025-11-28,-0.00028516740679261545,5,7604.436834491258
2025-12-01,-0.010382178268108864,5,7525.486215646997
2025-12-02,-0.007108057876394356,5,7471.994624078169
2025-12-03,-0.00836663495286972,5,7409.479172688703
2025-12-04,-0.002224518391493143,5,7392.996649997671
2025-12-05,-0.0023382460187250627,5,7375.710005014367
2025-12-08,-0.009240999644419854,5,7307.551071480686
2025-12-09,-0.006046655084391603,5,7263.364830639866
2025-12-10,-0.005107102838615205,5,7226.270079495409
2025-12-11,-0.0019823462730184623,5,7211.945109935497
2025-12-12,-0.012493861442750118,5,7121.840066999243
2025-12-15,-0.0047178859572484105,5,7088.240037757379
2025-12-16,-0.007319385445001445,5,7036.358476794341
2025-12-17,-0.004669782322858471,5,7003.500214362111
2025-12-18,0.005272667550640367,5,7040.427342683281
2025-12-19,-0.003613749473691627,5,7014.9850020790955
2025-12-22,-0.008286232507863298,5,6956.8572053126945
2025-12-23,-0.005017035664511978,5,6921.954404600723
2025-12-29,-0.0028990666414513053,5,6901.887197492698
2025-12-30,-0.0004798464769594299,5,6898.575351236611
2026-01-02,-0.008700387237727222,5,6838.555074292211
2026-01-05,-0.002775835655504374,5,6819.572369284861
2026-01-07,-0.0017725441744903619,5,6807.484376009169
2026-01-08,-0.00517840743457548,5,6772.232448305687
2026-01-09,0.008013828816758264,5,6826.503959853704
2026-01-12,-0.008674464384608824,5,6767.287694382562
2026-01-13,-0.00644861191539455,5,6723.648082321663
2026-01-14,-0.00803203678353884,5,6669.643493604886
2026-01-15,0.004897835738761161,5,6702.310311872661
2026-01-16,-0.0031950322989766937,5,6680.896213948463
2026-01-19,-0.009154346037438995,5,6619.736978165762
2026-01-20,0.006671187297319895,5,6663.898483406101
2026-01-21,-0.011323764812358958,5,6588.438064246576
2026-01-22,-0.00904091688653957,5,6528.872543295609
2026-01-23,-0.0052954947405001816,5,6494.2989330811915
2026-01-26,-0.00019933613250867275,5,6493.004384648515
2026-01-27,-0.0023331930838180826,5,6477.854951725052
2026-01-28,-0.009631685767599148,5,6415.462288381951
2026-01-29,-0.010771647071255806,5,6346.35719281255
2026-01-30,-0.003125388799848369,5,6326.522359122297
2026-02-03,-0.012220064362615565,5,6249.211848702295
2026-02-04,0.007983588005782818,5,6299.102981463191
2026-02-05,-0.001328572812920478,5,6290.734164496233
2026-02-06,0.002767034054996556,5,6308.140840160324
2026-02-09,-0.0011906944271305867,5,6300.62977201639
2026-02-10,-0.010600469995387449,5,6233.840135166086
2026-02-11,-0.0005375703189229501,5,6230.48900773651
2026-02-12,-0.0076108673150715985,5,6183.069582590615
2026-02-13,0.002472888080761019,5,6198.35962166392
2026-02-16,-0.006714218202506114,5,6156.742482666465
2026-02-17,0.0005382838940497876,5,6160.056557984696
2026-02-18,-0.0012999297301443523,5,6152.0489173256
2026-02-19,0.001603190502675559,5,6161.911823721853
2026-02-20,-0.0067597535749669285,5,6120.258818242818
2026-02-23,-0.0010534714215564367,5,6113.81130048527
2026-02-24,0.0044269609148918,5,6140.876904153542
2026-02-25,-0.012428034925830741,5,6064.557871513493
2026-02-26,-0.010547993599975788,5,6000.588953898086
2026-02-27,-0.004457020080307713,5,5973.84420843689
2026-03-02,-0.011201828040071202,5,5906.926232875805
2026-03-03,-0.00029186031711040636,3,5905.20223551233
2026-03-04,0.005702013267700404,5,5938.873777007676
2026-03-05,-0.015305901297388966,5,5847.973961159145
2026-03-06,-0.0019085022851115126,4,5836.813089491
2026-03-09,-0.0008231821296571379,5,5832.008329261582
2026-03-10,-0.0019757424182992615,5,5820.485783021585
2026-03-11,-0.0002250663718197236,5,5819.175787404172
2026-03-12,-0.004890612525101487,5,5790.716453412526
2026-03-13,0.002052341958084006,5,5802.600983757232
2026-03-16,-0.002753216442918513,5,5786.625167317057
2026-03-17,-0.008395112949639868,5,5738.045795440201
2026-03-18,-0.015476918147187177,5,5649.238530339361
2026-03-19,-0.004386764013052391,4,5624.45665405332
2026-03-20,-0.009054064213224263,5,5573.532462343024
2026-03-23,0.015423840341280207,5,5659.497737179146
2026-03-24,0.013390470361264232,5,5735.281073888485
2026-03-25,-0.003470531313910316,5,5715.376601327478
2026-03-26,-0.0051237526339057956,5,5686.092425412663
2026-03-27,-0.006752255326451703,5,5647.698477546473
2026-03-30,0.0030960551046497115,5,5665.184063247404
2026-03-31,-0.001062573768611815,5,5659.164387267439
2026-04-01,-0.009830545897844743,5,5603.531712014958
2026-04-02,-0.0051168466846105735,5,5574.859299352225
2026-04-07,-0.012058997385412504,5,5507.632085637294
2026-04-08,-0.0053843181395208575,5,5477.97724229279
2026-04-09,-0.004466679073621157,5,5453.508875978867
2026-04-10,0.00034051365986317617,5,5455.365870245322
2026-04-13,0.0015100713236131966,5,5463.603861805797
2026-04-14,-0.001883214379236694,5,5453.314724450792
2026-04-15,-0.009866585403038027,5,5399.509128992354
2026-04-16,0.0004973465938153204,5,5402.194556465934
2026-04-17,0.02317053841867313,5,5527.366312981674
2026-04-20,-0.015690691022407974,5,5440.638115997012
2026-04-21,-0.01233008344301457,5,5373.554594043524
2026-04-22,-0.004213771890244486,5,5350.911660744449
2026-04-23,-0.0020546733468068536,5,5339.9172851739995
2026-04-24,-0.007672167304834785,5,5298.948546368165
2026-04-27,-0.010979566401035775,5,5240.768388947643
2026-04-28,-0.006936678716809683,5,5204.414862404301
2026-04-29,-0.004286853209236149,5,5182.104299849207
2026-04-30,0.01013653812067831,5,5234.632897629959
2026-05-04,0.00017040976451571376,5,5235.52493018937
2026-05-05,0.0025225331654969902,5,5248.73171546456
2026-05-06,0.0031639184323497688,5,5265.338274485576
2026-05-07,-0.0060339007815086165,4,5233.567745756251
2026-05-08,-0.005692552614422949,5,5203.775386002387
2026-05-11,0.006134625845371847,5,5235.698600978866
2026-05-12,-0.0032066108156380974,5,5218.909753217546
2026-05-13,-0.0023221267600007506,5,5206.790783221571
2026-05-15,-0.0037704516849490417,3,5187.158830139795
2026-05-18,0.00196243534673192,5,5197.3382939771745
2026-05-19,-0.016395711965462044,5,5112.124232322059
2026-05-20,0.0013017058945041932,5,5118.77871456871
2026-05-21,-0.008151481155978465,5,5077.05308633528
2026-05-22,0.0014879371270453059,5,5084.607422118418
2026-05-25,0.0024738782175279723,5,5097.186121664678
2026-05-26,-0.005749710586643539,5,5067.878776658849
2026-05-27,-0.01203499337091761,5,5006.886889177146
2026-05-28,-0.0010940423773798751,5,5001.409142741639
2026-05-29,-0.0022300619538487914,5,4990.25569049678
2026-06-01,-0.010096057721929706,5,4939.873780998337
2026-06-02,-0.012758659242615886,5,4876.847614725046
2026-06-03,-0.0033893133967911908,5,4860.31844977035
2026-06-04,-0.0008118007223122916,5,4856.372839742159
2026-06-05,0.0013509032111554446,5,4862.933329405934
2026-06-08,-0.0004254592655403476,5,4860.8643493632335
2026-06-09,-0.005446654511403257,5,4834.388900625456
2026-06-10,-0.00560883909161268,5,4807.273591175569
2026-06-11,-0.00606451345158768,5,4778.1198158164225
2026-06-12,-0.017808219029764913,5,4693.030011585904
2026-06-15,-0.00837446393751314,5,4653.72840099621
2026-06-16,-0.007004538599220353,5,4621.131180781144
2026-06-17,-0.001691419095166443,5,4613.3149112607025
2026-06-18,-0.00041501691546201277,2,4611.400307536177
2026-06-22,0.0018949158833650478,5,4620.138523223482
2026-06-23,-0.0040710835444476585,5,4601.3295533085175
2026-06-24,0.010048969667343824,5,4647.568174419168
2026-06-25,-0.002774326316065786,5,4634.674303727167
2026-06-26,-0.007491641304109583,5,4599.952986282268
2026-06-29,-0.00692788806870058,5,4568.0850268720205
2026-06-30,0.00013269436962412353,5,4568.691186035049
2026-07-01,-0.004661984418259099,5,4547.392018913917
2026-07-02,3.3245885319957424e-05,5,4547.543200987483
2026-07-03,0.002864597973275999,5,4560.570084024417
2026-07-06,-0.009654359435597346,5,4516.540701202013
2026-07-07,-0.005910209247324047,5,4489.847000583854
