date,ticker,action,price,shares,fee
2015-10-16,SCA-B.ST,BUY,31.958812713623047,260.0,39
2015-10-23,ADDT-B.ST,BUY,24.61732292175293,341.0,39
2015-10-23,ASSA-B.ST,BUY,138.39599609375,60.0,39
2015-10-30,SCA-B.ST,TAKE_PROFIT,35.556827545166016,260.0,39
2015-11-06,ASSA-B.ST,TAKE_PROFIT,146.31149291992188,60.0,39
2015-11-13,ADDT-B.ST,TAKE_PROFIT,26.461132049560547,341.0,39
2016-01-22,SAAB-B.ST,BUY,51.75586700439453,166.0,39
2016-01-22,ASSA-B.ST,BUY,140.39569091796875,61.0,39
2016-01-22,SCA-B.ST,BUY,34.48448181152344,250.0,39
2016-01-29,SCA-B.ST,TAKE_PROFIT,35.683815002441406,250.0,39
2016-02-19,SAAB-B.ST,TAKE_PROFIT,54.75442123413086,166.0,39
2016-04-15,ASSA-B.ST,MAX_HOLD,136.72959899902344,61.0,39
2016-05-27,EVO.ST,BUY,56.19916534423828,154.0,39
2016-05-27,INVE-B.ST,BUY,59.33208084106445,146.0,39
2016-06-17,EVO.ST,STOP_LOSS,47.41804504394531,154.0,39
2016-06-24,HEXA-B.ST,BUY,44.7281608581543,188.0,39
2016-07-01,NIBE-B.ST,BUY,15.58365535736084,536.0,39
2016-07-01,SKA-B.ST,BUY,119.90505981445312,69.0,39
2016-07-01,SAAB-B.ST,BUY,57.073081970214844,146.0,39
2016-07-01,SAND.ST,BUY,65.8144302368164,126.0,39
2016-07-08,SKA-B.ST,TAKE_PROFIT,119.30487823486328,69.0,39
2016-07-08,SAAB-B.ST,TAKE_PROFIT,58.581077575683594,146.0,39
2016-07-15,SAND.ST,TAKE_PROFIT,67.8157958984375,126.0,39
2016-07-15,ABB.ST,BUY,158.91021728515625,52.0,39
2016-07-22,INVE-B.ST,TAKE_PROFIT,59.85858154296875,146.0,39
2016-07-22,HEXA-B.ST,TAKE_PROFIT,46.153865814208984,188.0,39
2016-07-22,ABB.ST,TAKE_PROFIT,167.6610107421875,52.0,39
2016-08-05,SCA-B.ST,BUY,40.532379150390625,212.0,39
2016-08-12,NIBE-B.ST,TAKE_PROFIT,16.662187576293945,536.0,39
2016-09-16,LIFCO-B.ST,BUY,43.167964935302734,200.0,39
2016-09-30,TEL2-B.ST,BUY,36.277156829833984,237.0,39
2016-10-14,TEL2-B.ST,TAKE_PROFIT,37.232460021972656,237.0,39
2016-10-14,ASSA-B.ST,BUY,151.47412109375,57.0,39
2016-10-21,NIBE-B.ST,BUY,15.798882484436035,544.0,39
2016-10-21,AZN.ST,BUY,519.5181884765625,16.0,39
2016-10-28,SCA-B.ST,MAX_HOLD,40.86500549316406,212.0,39
2016-10-28,SCA-B.ST,BUY,40.86500549316406,205.0,39
2016-11-11,ALFA.ST,BUY,110.12986755371094,74.0,39
2016-11-25,ALFA.ST,TAKE_PROFIT,119.0140151977539,74.0,39
2016-12-02,AZN.ST,STOP_LOSS,455.50439453125,16.0,39
2016-12-09,LIFCO-B.ST,MAX_HOLD,40.40827941894531,200.0,39
2016-12-09,TEL2-B.ST,BUY,36.502811431884766,227.0,39
2017-01-06,ASSA-B.ST,MAX_HOLD,141.48863220214844,57.0,39
2017-01-06,NIBE-B.ST,TAKE_PROFIT,16.502853393554688,544.0,39
2017-01-20,SCA-B.ST,MAX_HOLD,39.8354606628418,205.0,39
2017-01-27,TEL2-B.ST,TAKE_PROFIT,38.99394226074219,227.0,39
2017-03-03,SKA-B.ST,BUY,144.3128662109375,58.0,39
2017-03-10,SHB-A.ST,BUY,59.1595344543457,142.0,39
2017-03-17,NIBE-B.ST,BUY,16.502853393554688,509.0,39
2017-03-31,SWED-A.ST,BUY,109.56266784667969,76.0,39
2017-03-31,NDA-SE.ST,BUY,96.66405487060547,87.0,39
2017-03-31,ADDT-B.ST,BUY,32.924659729003906,256.0,39
2017-04-14,NIBE-B.ST,TAKE_PROFIT,17.287601470947266,509.0,39
2017-04-14,ADDT-B.ST,TAKE_PROFIT,33.8115234375,256.0,39
2017-04-21,ABB.ST,BUY,195.6956024169922,43.0,39
2017-04-28,NDA-SE.ST,TAKE_PROFIT,102.99492645263672,87.0,39
2017-04-28,ABB.ST,TAKE_PROFIT,202.7047882080078,43.0,39
2017-05-05,SKA-B.ST,TAKE_PROFIT,147.35955810546875,58.0,39
2017-05-05,SHB-A.ST,TAKE_PROFIT,61.785701751708984,142.0,39
2017-05-12,SWED-A.ST,TAKE_PROFIT,114.20693969726562,76.0,39
2017-05-19,BOL.ST,BUY,169.82015991210938,51.0,39
2017-06-02,SWED-A.ST,BUY,109.56266784667969,79.0,39
2017-06-09,SWED-A.ST,TAKE_PROFIT,111.67372131347656,79.0,39
2017-06-09,SWED-A.ST,BUY,111.67372131347656,78.0,39
2017-06-09,SHB-A.ST,BUY,60.0398063659668,146.0,39
2017-07-07,SWED-A.ST,TAKE_PROFIT,112.14869689941406,78.0,39
2017-07-07,SKF-B.ST,BUY,129.1509552001953,67.0,39
2017-07-07,ALFA.ST,BUY,149.21929931640625,58.0,39
2017-07-07,SWED-A.ST,BUY,112.14869689941406,77.0,39
2017-07-14,SHB-A.ST,TAKE_PROFIT,61.203731536865234,146.0,39
2017-07-14,ALFA.ST,TAKE_PROFIT,157.03225708007812,58.0,39
2017-07-14,SWED-A.ST,TAKE_PROFIT,112.83478546142578,77.0,39
2017-07-14,ASSA-B.ST,BUY,157.80702209472656,56.0,39
2017-07-21,ASSA-B.ST,STOP_LOSS,148.18045043945312,56.0,39
2017-07-28,BOL.ST,TAKE_PROFIT,178.06655883789062,51.0,39
2017-08-04,SKF-B.ST,STOP_LOSS,120.30089569091797,67.0,39
2017-08-04,SAND.ST,BUY,100.95978546142578,86.0,39
2017-08-04,NIBE-B.ST,BUY,18.3335018157959,474.0,39
2017-08-04,INVE-B.ST,BUY,81.11552429199219,107.0,39
2017-08-04,SEB-A.ST,BUY,61.228214263916016,142.0,39
2017-08-04,TELIA.ST,BUY,22.491806030273438,386.0,39
2017-08-18,NIBE-B.ST,STOP_LOSS,16.433717727661133,474.0,39
2017-08-25,VOLV-B.ST,BUY,81.00997161865234,103.0,39
2017-08-25,ATCO-A.ST,BUY,48.19831085205078,164.0,39
2017-09-15,VOLV-B.ST,TAKE_PROFIT,88.07239532470703,103.0,39
2017-09-22,SAND.ST,TAKE_PROFIT,108.18803405761719,86.0,39
2017-09-22,NDA-SE.ST,BUY,100.72714233398438,87.0,39
2017-09-22,SCA-B.ST,BUY,57.98311233520508,151.0,39
2017-09-29,INVE-B.ST,TAKE_PROFIT,83.71672058105469,107.0,39
2017-09-29,SEB-A.ST,TAKE_PROFIT,63.17103576660156,142.0,39
2017-09-29,ATCO-A.ST,TAKE_PROFIT,53.624515533447266,164.0,39
2017-09-29,SCA-B.ST,TAKE_PROFIT,59.80320739746094,151.0,39
2017-10-13,TELIA.ST,TAKE_PROFIT,23.177818298339844,386.0,39
2017-10-13,TEL2-B.ST,BUY,51.58026123046875,174.0,39
2017-10-20,NDA-SE.ST,TAKE_PROFIT,104.1288070678711,87.0,39
2017-10-20,TEL2-B.ST,TAKE_PROFIT,55.34917068481445,174.0,39
2017-11-03,SEB-A.ST,BUY,60.58060836791992,150.0,39
2017-11-24,BOL.ST,BUY,196.7957000732422,46.0,39
2017-12-08,TELIA.ST,BUY,22.5181884765625,397.0,39
2017-12-15,SAND.ST,BUY,113.21636962890625,79.0,39
2017-12-22,SAAB-B.ST,BUY,86.28515625,104.0,39
2017-12-22,ALFA.ST,BUY,169.39564514160156,53.0,39
2018-01-05,SAND.ST,TAKE_PROFIT,118.48043823242188,79.0,39
2018-01-05,VOLV-B.ST,BUY,94.83806610107422,96.0,39
2018-01-26,SEB-A.ST,MAX_HOLD,58.93215560913086,150.0,39
2018-01-26,TELIA.ST,TAKE_PROFIT,23.186147689819336,397.0,39
2018-01-26,TEL2-B.ST,BUY,53.10936737060547,172.0,39
2018-01-26,TELIA.ST,BUY,23.186147689819336,395.0,39
2018-02-02,TELIA.ST,TAKE_PROFIT,23.655532836914062,395.0,39
2018-02-09,SAAB-B.ST,STOP_LOSS,77.51436614990234,104.0,39
2018-02-16,BOL.ST,MAX_HOLD,201.6177520751953,46.0,39
2018-02-16,TELIA.ST,BUY,22.698720932006836,394.0,39
2018-02-16,ATCO-A.ST,BUY,54.903404235839844,162.0,39
2018-02-16,SCA-B.ST,BUY,68.62635040283203,130.0,39
2018-03-02,TELIA.ST,TAKE_PROFIT,23.426862716674805,394.0,39
2018-03-09,ADDT-B.ST,BUY,40.05644226074219,228.0,39
2018-03-16,ALFA.ST,MAX_HOLD,168.10780334472656,53.0,39
2018-03-16,SCA-B.ST,TAKE_PROFIT,75.369384765625,130.0,39
2018-03-30,VOLV-B.ST,MAX_HOLD,90.35728454589844,96.0,39
2018-03-30,ALFA.ST,BUY,169.26687622070312,53.0,39
2018-04-13,TEL2-B.ST,TAKE_PROFIT,56.42599868774414,172.0,39
2018-04-13,VOLV-B.ST,BUY,94.66712951660156,97.0,39
2018-04-20,ALFA.ST,TAKE_PROFIT,179.44090270996094,53.0,39
2018-04-20,VOLV-B.ST,TAKE_PROFIT,98.3316650390625,97.0,39
2018-05-04,ADDT-B.ST,TAKE_PROFIT,41.871009826660156,228.0,39
2018-05-11,ATCO-A.ST,TAKE_PROFIT,58.44648742675781,162.0,39
2018-05-18,HEXA-B.ST,BUY,68.20994567871094,138.0,39
2018-06-08,HEXA-B.ST,TAKE_PROFIT,74.44175720214844,138.0,39
2018-06-29,LIFCO-B.ST,BUY,59.818904876708984,160.0,39
2018-07-13,SAND.ST,BUY,123.12122344970703,78.0,39
2018-07-13,HEXA-B.ST,BUY,70.58936309814453,136.0,39
2018-07-13,AZN.ST,BUY,645.4168701171875,14.0,39
2018-07-20,LIFCO-B.ST,TAKE_PROFIT,71.07011413574219,160.0,39
2018-07-20,AZN.ST,TAKE_PROFIT,648.8617553710938,14.0,39
2018-07-20,SWED-A.ST,BUY,110.7930679321289,89.0,39
2018-07-20,TEL2-B.ST,BUY,67.2759780883789,146.0,39
2018-07-27,SWED-A.ST,TAKE_PROFIT,117.1176528930664,89.0,39
2018-07-27,TEL2-B.ST,TAKE_PROFIT,67.52710723876953,146.0,39
2018-07-27,SCA-B.ST,BUY,81.27656555175781,123.0,39
2018-07-27,SKA-B.ST,BUY,120.37609100341797,83.0,39
2018-07-27,TELIA.ST,BUY,26.210338592529297,382.0,39
2018-08-03,HEXA-B.ST,TAKE_PROFIT,75.71642303466797,136.0,39
2018-08-03,TELIA.ST,TAKE_PROFIT,26.755868911743164,382.0,39
2018-08-10,SAND.ST,TAKE_PROFIT,129.2390594482422,78.0,39
2018-08-10,SKA-B.ST,TAKE_PROFIT,121.65399169921875,83.0,39
2018-08-31,SCA-B.ST,TAKE_PROFIT,93.89939880371094,123.0,39
2018-09-14,SAND.ST,BUY,125.81791687011719,82.0,39
2018-09-14,ADDT-B.ST,BUY,45.34588623046875,228.0,39
2018-10-19,SAND.ST,STOP_LOSS,109.71837615966797,82.0,39
2018-10-19,ALFA.ST,BUY,195.8053436279297,51.0,39
2018-10-19,INVE-B.ST,BUY,82.4156494140625,121.0,39
2018-10-19,TEL2-B.ST,BUY,62.30908966064453,160.0,39
2018-10-19,TELIA.ST,BUY,25.686893463134766,389.0,39
2018-10-19,AZN.ST,BUY,697.6782836914062,14.0,39
2018-10-26,ADDT-B.ST,STOP_LOSS,40.34858703613281,228.0,39
2018-10-26,SEB-A.ST,BUY,58.259925842285156,165.0,39
2018-11-02,TELIA.ST,TAKE_PROFIT,26.413522720336914,389.0,39
2018-11-02,NIBE-B.ST,BUY,22.474435806274414,441.0,39
2018-11-09,AZN.ST,TAKE_PROFIT,726.941162109375,14.0,39
2018-11-16,ALFA.ST,STOP_LOSS,176.46115112304688,51.0,39
2018-12-07,ERIC-B.ST,BUY,63.47692108154297,152.0,39
2019-01-04,SWED-A.ST,BUY,114.97181701660156,84.0,39
2019-01-11,INVE-B.ST,TAKE_PROFIT,84.54869842529297,121.0,39
2019-01-11,TEL2-B.ST,MAX_HOLD,62.89506530761719,160.0,39
2019-01-11,NIBE-B.ST,TAKE_PROFIT,22.823389053344727,441.0,39
2019-01-11,SWED-A.ST,TAKE_PROFIT,118.24703979492188,84.0,39
2019-01-18,SEB-A.ST,MAX_HOLD,57.73246765136719,165.0,39
2019-02-08,ERIC-B.ST,TAKE_PROFIT,65.12798309326172,152.0,39
2019-02-15,SHB-A.ST,BUY,53.57301330566406,185.0,39
2019-02-22,SHB-A.ST,TAKE_PROFIT,54.19929122924805,185.0,39
2019-03-08,TELIA.ST,BUY,26.356157302856445,377.0,39
2019-03-22,TELIA.ST,TAKE_PROFIT,26.866073608398438,377.0,39
2019-05-17,AZN.ST,BUY,720.9031982421875,13.0,39
2019-05-17,SKA-B.ST,BUY,121.86322784423828,81.0,39
2019-05-17,HEXA-B.ST,BUY,68.4727783203125,145.0,39
2019-06-07,TELIA.ST,BUY,26.646516799926758,372.0,39
2019-06-07,BOL.ST,BUY,171.0926055908203,57.0,39
2019-06-07,INVE-B.ST,BUY,93.22064971923828,106.0,39
2019-06-14,TELIA.ST,TAKE_PROFIT,27.046375274658203,372.0,39
2019-06-14,INVE-B.ST,TAKE_PROFIT,96.2432861328125,106.0,39
2019-06-21,AZN.ST,TAKE_PROFIT,778.4530029296875,13.0,39
2019-06-21,ALFA.ST,BUY,186.47320556640625,55.0,39
2019-06-28,HM-B.ST,BUY,126.41726684570312,81.0,39
2019-07-05,HM-B.ST,TAKE_PROFIT,128.5272979736328,81.0,39
2019-07-05,SHB-A.ST,BUY,53.75260925292969,189.0,39
2019-07-12,SKA-B.ST,TAKE_PROFIT,134.15162658691406,81.0,39
2019-07-12,ERIC-B.ST,BUY,73.0538558959961,138.0,39
2019-08-02,ALFA.ST,STOP_LOSS,158.94537353515625,55.0,39
2019-08-02,SHB-A.ST,STOP_LOSS,47.659908294677734,189.0,39
2019-08-09,HEXA-B.ST,MAX_HOLD,63.566673278808594,145.0,39
2019-08-16,BOL.ST,STOP_LOSS,150.2137451171875,57.0,39
2019-08-16,ERIC-B.ST,STOP_LOSS,65.2034683227539,138.0,39
2019-08-23,EVO.ST,BUY,176.15724182128906,52.0,39
2019-08-23,NIBE-B.ST,BUY,29.114961624145508,318.0,39
2019-08-23,ADDT-B.ST,BUY,58.76456832885742,157.0,39
2019-08-30,VOLV-B.ST,BUY,88.5304946899414,106.0,39
2019-09-06,LIFCO-B.ST,BUY,91.69863891601562,105.0,39
2019-09-13,ADDT-B.ST,TAKE_PROFIT,66.0067367553711,157.0,39
2019-10-25,EVO.ST,TAKE_PROFIT,233.06195068359375,52.0,39
2019-10-25,VOLV-B.ST,TAKE_PROFIT,95.29278564453125,106.0,39
2019-10-25,AZN.ST,BUY,909.2384033203125,11.0,39
2019-11-01,NIBE-B.ST,TAKE_PROFIT,31.831087112426758,318.0,39
2019-11-01,LIFCO-B.ST,TAKE_PROFIT,93.25284576416016,105.0,39
2019-11-01,AZN.ST,TAKE_PROFIT,935.3208618164062,11.0,39
2019-12-06,HM-B.ST,BUY,150.38223266601562,67.0,39
2019-12-20,TELIA.ST,BUY,27.645185470581055,369.0,39
2020-01-10,BOL.ST,BUY,190.32513427734375,53.0,39
2020-01-10,ASSA-B.ST,BUY,197.44456481933594,51.0,39
2020-01-10,TEL2-B.ST,BUY,85.41761779785156,118.0,39
2020-01-17,ASSA-B.ST,TAKE_PROFIT,208.39390563964844,51.0,39
2020-01-17,ASSA-B.ST,BUY,208.39390563964844,49.0,39
2020-01-24,TEL2-B.ST,TAKE_PROFIT,89.39051055908203,118.0,39
2020-01-24,ASSA-B.ST,TAKE_PROFIT,213.82408142089844,49.0,39
2020-01-24,SCA-B.ST,BUY,82.47078704833984,125.0,39
2020-01-31,HM-B.ST,TAKE_PROFIT,165.96307373046875,67.0,39
2020-01-31,SHB-A.ST,BUY,52.25151062011719,201.0,39
2020-01-31,HM-B.ST,BUY,165.96307373046875,63.0,39
2020-02-07,SHB-A.ST,TAKE_PROFIT,60.5130729675293,201.0,39
2020-02-07,SAAB-B.ST,BUY,75.49745178222656,142.0,39
2020-02-07,ASSA-B.ST,BUY,204.9221649169922,52.0,39
2020-02-14,TELIA.ST,TAKE_PROFIT,27.907960891723633,369.0,39
2020-02-14,SCA-B.ST,TAKE_PROFIT,93.24585723876953,125.0,39
2020-02-14,ASSA-B.ST,TAKE_PROFIT,214.625244140625,52.0,39
2020-02-14,TELIA.ST,BUY,27.907960891723633,390.0,39
2020-02-21,TELIA.ST,TAKE_PROFIT,28.292007446289062,390.0,39
2020-02-28,BOL.ST,STOP_LOSS,152.62937927246094,53.0,39
2020-02-28,SAAB-B.ST,STOP_LOSS,61.75558090209961,142.0,39
2020-03-06,HM-B.ST,STOP_LOSS,130.198486328125,63.0,39
2020-03-06,AZN.ST,BUY,873.8583984375,11.0,39
2020-03-13,AZN.ST,STOP_LOSS,753.1350708007812,11.0,39
2020-03-20,EVO.ST,BUY,330.04742431640625,29.0,39
2020-04-10,EVO.ST,TAKE_PROFIT,419.6104736328125,29.0,39
2020-07-17,AZN.ST,BUY,1038.61572265625,9.0,39
2020-08-14,SCA-B.ST,BUY,98.33609771728516,102.0,39
2020-09-04,SCA-B.ST,TAKE_PROFIT,103.69660186767578,102.0,39
2020-09-18,EVO.ST,BUY,587.3040771484375,17.0,39
2020-10-09,AZN.ST,MAX_HOLD,955.9671630859375,9.0,39
2020-10-09,EVO.ST,TAKE_PROFIT,748.9364624023438,17.0,39
2020-10-23,LIFCO-B.ST,BUY,124.7907943725586,85.0,39
2020-10-23,ERIC-B.ST,BUY,89.45572662353516,118.0,39
2020-11-06,SAND.ST,BUY,136.11163330078125,78.0,39
2020-11-06,AZN.ST,BUY,955.0759887695312,11.0,39
2020-11-06,SWED-A.ST,BUY,91.88385772705078,115.0,39
2020-11-06,ATCO-A.ST,BUY,94.12474822998047,112.0,39
2020-11-13,SAND.ST,TAKE_PROFIT,150.5340576171875,78.0,39
2020-11-13,AZN.ST,TAKE_PROFIT,983.2974243164062,11.0,39
2020-11-13,SWED-A.ST,TAKE_PROFIT,97.41720581054688,115.0,39
2020-11-13,ATCO-A.ST,TAKE_PROFIT,98.20439910888672,112.0,39
2020-12-11,LIFCO-B.ST,TAKE_PROFIT,139.32582092285156,85.0,39
2020-12-25,SWED-A.ST,BUY,90.34053039550781,121.0,39
2021-01-08,NDA-SE.ST,BUY,65.74383544921875,168.0,39
2021-01-15,ERIC-B.ST,MAX_HOLD,81.7103042602539,118.0,39
2021-01-15,TELIA.ST,BUY,25.155141830444336,444.0,39
2021-01-15,TEL2-B.ST,BUY,75.19827270507812,148.0,39
2021-01-22,SWED-A.ST,TAKE_PROFIT,103.01329803466797,121.0,39
2021-01-22,TELIA.ST,TAKE_PROFIT,26.15672492980957,444.0,39
2021-01-22,TEL2-B.ST,TAKE_PROFIT,74.48641204833984,148.0,39
2021-01-29,ERIC-B.ST,BUY,87.14612579345703,129.0,39
2021-02-05,ERIC-B.ST,TAKE_PROFIT,91.80657196044922,129.0,39
2021-02-19,NDA-SE.ST,TAKE_PROFIT,72.10791015625,168.0,39
2021-03-05,TELIA.ST,BUY,25.104698181152344,459.0,39
2021-03-12,NIBE-B.ST,BUY,65.49449157714844,177.0,39
2021-03-12,HEXA-B.ST,BUY,108.340576171875,107.0,39
2021-03-19,HEXA-B.ST,TAKE_PROFIT,108.42574310302734,107.0,39
2021-03-26,TELIA.ST,TAKE_PROFIT,27.554636001586914,459.0,39
2021-04-09,NIBE-B.ST,TAKE_PROFIT,70.98031616210938,177.0,39
2021-05-07,SKF-B.ST,BUY,192.20999145507812,61.0,39
2021-05-07,SAND.ST,BUY,193.15960693359375,61.0,39
2021-05-14,SAND.ST,TAKE_PROFIT,196.9619903564453,61.0,39
2021-05-28,SAND.ST,BUY,186.8223419189453,63.0,39
2021-06-11,SHB-A.ST,BUY,54.133548736572266,218.0,39
2021-06-11,ERIC-B.ST,BUY,91.3901138305664,129.0,39
2021-06-25,SHB-A.ST,TAKE_PROFIT,56.65754318237305,218.0,39
2021-06-25,HM-B.ST,BUY,158.16087341308594,74.0,39
2021-06-25,BOL.ST,BUY,268.52813720703125,43.0,39
2021-06-25,SHB-A.ST,BUY,56.65754318237305,207.0,39
2021-07-09,SHB-A.ST,TAKE_PROFIT,56.81890106201172,207.0,39
2021-07-09,SKA-B.ST,BUY,188.5824737548828,63.0,39
2021-07-16,SKA-B.ST,TAKE_PROFIT,192.19517517089844,63.0,39
2021-07-23,SKF-B.ST,TAKE_PROFIT,194.23768615722656,61.0,39
2021-07-23,ERIC-B.ST,STOP_LOSS,84.8337173461914,129.0,39
2021-07-23,VOLV-B.ST,BUY,153.27142333984375,76.0,39
2021-07-23,SKF-B.ST,BUY,194.23768615722656,60.0,39
2021-07-23,EVO.ST,BUY,1490.074462890625,7.0,39
2021-07-30,HM-B.ST,STOP_LOSS,141.2391815185547,74.0,39
2021-07-30,SKF-B.ST,TAKE_PROFIT,193.30833435058594,60.0,39
2021-08-13,SAND.ST,TAKE_PROFIT,192.23016357421875,63.0,39
2021-08-27,SAND.ST,BUY,188.68130493164062,60.0,39
2021-09-10,TELIA.ST,BUY,27.300580978393555,411.0,39
2021-09-17,BOL.ST,STOP_LOSS,237.60166931152344,43.0,39
2021-09-24,SHB-A.ST,BUY,56.01213836669922,197.0,39
2021-09-24,AZN.ST,BUY,1039.5618896484375,10.0,39
2021-10-01,AZN.ST,TAKE_PROFIT,1032.21728515625,10.0,39
2021-10-08,SHB-A.ST,TAKE_PROFIT,59.06629943847656,197.0,39
2021-10-08,ABB.ST,BUY,274.2926940917969,39.0,39
2021-10-08,ATCO-A.ST,BUY,122.33525085449219,88.0,39
2021-10-15,VOLV-B.ST,MAX_HOLD,147.29458618164062,76.0,39
2021-10-15,EVO.ST,MAX_HOLD,1372.16064453125,7.0,39
2021-10-15,ASSA-B.ST,BUY,233.40048217773438,48.0,39
2021-10-15,TEL2-B.ST,BUY,89.7432861328125,124.0,39
2021-10-22,SAND.ST,TAKE_PROFIT,189.94874572753906,60.0,39
2021-11-05,SAAB-B.ST,BUY,59.15480041503906,187.0,39
2021-12-03,TELIA.ST,MAX_HOLD,26.468603134155273,411.0,39
2021-12-03,ABB.ST,TAKE_PROFIT,306.2998352050781,39.0,39
2021-12-03,NDA-SE.ST,BUY,103.69542694091797,109.0,39
2021-12-10,ATCO-A.ST,TAKE_PROFIT,136.0164794921875,88.0,39
2021-12-10,ASSA-B.ST,TAKE_PROFIT,248.45486450195312,48.0,39
2021-12-10,SAAB-B.ST,STOP_LOSS,53.82314682006836,187.0,39
2021-12-10,HEXA-B.ST,BUY,134.5643768310547,84.0,39
2021-12-17,AZN.ST,BUY,1025.865234375,11.0,39
2021-12-24,HEXA-B.ST,TAKE_PROFIT,141.77230834960938,84.0,39
2021-12-24,SHB-A.ST,BUY,58.0342903137207,198.0,39
2021-12-24,SEB-A.ST,BUY,89.7938232421875,128.0,39
2021-12-24,VOLV-B.ST,BUY,152.3914031982422,75.0,39
2021-12-31,TEL2-B.ST,TAKE_PROFIT,89.98725891113281,124.0,39
2021-12-31,NDA-SE.ST,TAKE_PROFIT,106.84767150878906,109.0,39
2021-12-31,VOLV-B.ST,TAKE_PROFIT,153.7480926513672,75.0,39
2022-01-07,SHB-A.ST,TAKE_PROFIT,60.662906646728516,198.0,39
2022-01-21,AZN.ST,TAKE_PROFIT,1080.0565185546875,11.0,39
2022-01-28,NDA-SE.ST,BUY,105.8807373046875,110.0,39
2022-02-04,ASSA-B.ST,BUY,244.2156219482422,47.0,39
2022-02-11,SWED-A.ST,BUY,117.2232437133789,100.0,39
2022-02-11,ABB.ST,BUY,308.0094299316406,38.0,39
2022-02-25,SEB-A.ST,STOP_LOSS,79.81273651123047,128.0,39
2022-02-25,SWED-A.ST,STOP_LOSS,106.60139465332031,100.0,39
2022-02-25,SAAB-B.ST,BUY,58.455169677734375,190.0,39
2022-03-04,NDA-SE.ST,STOP_LOSS,89.7713851928711,110.0,39
2022-03-04,SAAB-B.ST,TAKE_PROFIT,73.09912109375,190.0,39
2022-03-11,SCA-B.ST,BUY,153.83316040039062,73.0,39
2022-03-18,SCA-B.ST,TAKE_PROFIT,159.41888427734375,73.0,39
2022-04-29,ASSA-B.ST,MAX_HOLD,233.259033203125,47.0,39
2022-05-06,ABB.ST,STOP_LOSS,274.6468200683594,38.0,39
2022-06-17,AZN.ST,BUY,1233.2841796875,9.0,39
2022-07-01,AZN.ST,TAKE_PROFIT,1335.146728515625,9.0,39
2022-07-01,TEL2-B.ST,BUY,92.68687438964844,122.0,39
2022-07-29,TELIA.ST,BUY,29.293041229248047,385.0,39
2022-08-05,SAAB-B.ST,BUY,89.906005859375,125.0,39
2022-09-16,TEL2-B.ST,STOP_LOSS,81.19385528564453,122.0,39
2022-09-16,SAAB-B.ST,STOP_LOSS,82.3445053100586,125.0,39
2022-09-23,TELIA.ST,STOP_LOSS,26.423927307128906,385.0,39
2022-09-30,SAAB-B.ST,BUY,85.0607681274414,126.0,39
2022-10-07,AZN.ST,BUY,1243.929443359375,8.0,39
2022-10-28,SAAB-B.ST,TAKE_PROFIT,99.13152313232422,126.0,39
2022-11-25,AZN.ST,TAKE_PROFIT,1376.177734375,8.0,39
2023-02-03,ATCO-A.ST,BUY,122.2522201538086,91.0,39
2023-02-10,AZN.ST,BUY,1426.3922119140625,7.0,39
2023-02-17,SHB-A.ST,BUY,68.50179290771484,162.0,39
2023-02-24,SHB-A.ST,TAKE_PROFIT,70.02617645263672,162.0,39
2023-03-24,SWED-A.ST,BUY,127.64730834960938,86.0,39
2023-03-24,BOL.ST,BUY,348.4701843261719,31.0,39
2023-03-24,INVE-B.ST,BUY,183.9989013671875,59.0,39
2023-03-24,VOLV-B.ST,BUY,156.52207946777344,70.0,39
2023-03-31,INVE-B.ST,TAKE_PROFIT,192.90208435058594,59.0,39
2023-03-31,VOLV-B.ST,TAKE_PROFIT,169.78921508789062,70.0,39
2023-03-31,NDA-SE.ST,BUY,108.46261596679688,106.0,39
2023-03-31,HEXA-B.ST,BUY,118.26139831542969,97.0,39
2023-04-07,AZN.ST,TAKE_PROFIT,1515.1087646484375,7.0,39
2023-04-14,ASSA-B.ST,BUY,220.69435119628906,53.0,39
2023-04-28,ATCO-A.ST,TAKE_PROFIT,139.93914794921875,91.0,39
2023-04-28,SCA-B.ST,BUY,131.1739044189453,91.0,39
2023-05-19,HEXA-B.ST,TAKE_PROFIT,120.07592010498047,97.0,39
2023-05-19,SCA-B.ST,TAKE_PROFIT,136.5441436767578,91.0,39
2023-05-19,SKF-B.ST,BUY,172.5337371826172,69.0,39
2023-06-02,SAND.ST,BUY,189.7195281982422,62.0,39
2023-06-09,ASSA-B.ST,TAKE_PROFIT,242.34524536132812,53.0,39
2023-06-16,SWED-A.ST,TAKE_PROFIT,144.72604370117188,86.0,39
2023-06-16,BOL.ST,STOP_LOSS,318.14703369140625,31.0,39
2023-06-16,SAAB-B.ST,BUY,147.35887145996094,83.0,39
2023-06-23,NDA-SE.ST,MAX_HOLD,110.05074310302734,106.0,39
2023-06-30,INVE-B.ST,BUY,204.96607971191406,59.0,39
2023-06-30,LIFCO-B.ST,BUY,228.89688110351562,52.0,39
2023-07-14,LIFCO-B.ST,STOP_LOSS,196.46250915527344,52.0,39
2023-07-14,EVO.ST,BUY,1342.6715087890625,8.0,39
2023-07-21,ALFA.ST,BUY,363.4974670410156,32.0,39
2023-07-28,SKF-B.ST,TAKE_PROFIT,181.2244415283203,69.0,39
2023-07-28,SAND.ST,TAKE_PROFIT,196.15859985351562,62.0,39
2023-07-28,ASSA-B.ST,BUY,239.598876953125,48.0,39
2023-07-28,SCA-B.ST,BUY,130.1465606689453,90.0,39
2023-08-18,EVO.ST,STOP_LOSS,1151.8834228515625,8.0,39
2023-08-25,ABB.ST,BUY,409.5933532714844,26.0,39
2023-09-08,SAAB-B.ST,MAX_HOLD,146.322509765625,83.0,39
2023-09-15,INVE-B.ST,TAKE_PROFIT,204.44334411621094,59.0,39
2023-09-15,SCA-B.ST,TAKE_PROFIT,139.1592254638672,90.0,39
2023-09-15,SAND.ST,BUY,192.98573303222656,59.0,39
2023-09-29,ATCO-A.ST,BUY,139.13601684570312,82.0,39
2023-10-06,INVE-B.ST,BUY,200.73654174804688,57.0,39
2023-10-13,ALFA.ST,MAX_HOLD,355.0682678222656,32.0,39
2023-10-13,ATCO-A.ST,TAKE_PROFIT,143.43527221679688,82.0,39
2023-10-13,INVE-B.ST,TAKE_PROFIT,207.722412109375,57.0,39
2023-10-13,HM-B.ST,BUY,133.65243530273438,86.0,39
2023-10-13,ALFA.ST,BUY,355.0682678222656,32.0,39
2023-10-13,NDA-SE.ST,BUY,119.99118041992188,96.0,39
2023-10-20,ASSA-B.ST,MAX_HOLD,215.7336883544922,48.0,39
2023-10-20,ABB.ST,STOP_LOSS,361.6166687011719,26.0,39
2023-10-20,SAND.ST,STOP_LOSS,173.0152587890625,59.0,39
2023-10-27,ATCO-A.ST,BUY,137.4363250732422,79.0,39
2023-11-03,SEB-A.ST,BUY,100.56301879882812,111.0,39
2023-11-03,VOLV-B.ST,BUY,191.72691345214844,54.0,39
2023-11-10,ATCO-A.ST,TAKE_PROFIT,144.7700653076172,79.0,39
2023-11-17,VOLV-B.ST,TAKE_PROFIT,197.585693359375,54.0,39
2023-11-24,HM-B.ST,TAKE_PROFIT,156.08700561523438,86.0,39
2023-11-24,ALFA.ST,TAKE_PROFIT,365.7705383300781,32.0,39
2023-12-08,NDA-SE.ST,TAKE_PROFIT,119.03046417236328,96.0,39
2023-12-08,NDA-SE.ST,BUY,119.03046417236328,98.0,39
2023-12-15,SEB-A.ST,TAKE_PROFIT,110.02872467041016,111.0,39
2023-12-15,NDA-SE.ST,TAKE_PROFIT,122.40276336669922,98.0,39
2024-02-02,ALFA.ST,BUY,368.23297119140625,32.0,39
2024-02-16,TEL2-B.ST,BUY,72.8348159790039,161.0,39
2024-02-16,NDA-SE.ST,BUY,121.06952667236328,97.0,39
2024-03-08,ALFA.ST,TAKE_PROFIT,382.4394836425781,32.0,39
2024-03-08,NDA-SE.ST,TAKE_PROFIT,125.69664764404297,97.0,39
2024-03-08,ERIC-B.ST,BUY,52.026493072509766,230.0,39
2024-03-15,TELIA.ST,BUY,22.638622283935547,535.0,39
2024-03-15,BOL.ST,BUY,282.1330871582031,42.0,39
2024-03-22,TELIA.ST,TAKE_PROFIT,23.46375846862793,535.0,39
2024-04-05,TEL2-B.ST,TAKE_PROFIT,79.20697784423828,161.0,39
2024-04-05,BOL.ST,TAKE_PROFIT,310.68597412109375,42.0,39
2024-04-05,NDA-SE.ST,BUY,121.95394897460938,100.0,39
2024-04-19,NDA-SE.ST,TAKE_PROFIT,125.01513671875,100.0,39
2024-05-03,ADDT-B.ST,BUY,228.61045837402344,54.0,39
2024-05-10,ERIC-B.ST,TAKE_PROFIT,54.38881301879883,230.0,39
2024-05-10,SHB-A.ST,BUY,76.08451080322266,164.0,39
2024-05-10,EVO.ST,BUY,1234.76318359375,10.0,39
2024-05-10,HEXA-B.ST,BUY,121.7013168334961,103.0,39
2024-05-17,ADDT-B.ST,TAKE_PROFIT,244.71531677246094,54.0,39
2024-05-31,EVO.ST,STOP_LOSS,1123.2362060546875,10.0,39
2024-06-14,SKA-B.ST,BUY,169.9975128173828,72.0,39
2024-06-21,SKA-B.ST,TAKE_PROFIT,177.74732971191406,72.0,39
2024-06-21,VOLV-B.ST,BUY,241.12474060058594,51.0,39
2024-06-21,SKF-B.ST,BUY,202.56997680664062,61.0,39
2024-06-21,SCA-B.ST,BUY,148.58815002441406,83.0,39
2024-06-28,ASSA-B.ST,BUY,289.0824890136719,43.0,39
2024-07-12,ASSA-B.ST,TAKE_PROFIT,301.24017333984375,43.0,39
2024-07-12,SAND.ST,BUY,209.74154663085938,60.0,39
2024-07-19,VOLV-B.ST,TAKE_PROFIT,253.27548217773438,51.0,39
2024-07-19,SWED-A.ST,BUY,183.26991271972656,67.0,39
2024-07-26,SHB-A.ST,TAKE_PROFIT,83.16663360595703,164.0,39
2024-07-26,HEXA-B.ST,STOP_LOSS,106.943603515625,103.0,39
2024-07-26,SWED-A.ST,TAKE_PROFIT,188.1781768798828,67.0,39
2024-07-26,ATCO-A.ST,BUY,176.91256713867188,69.0,39
2024-07-26,BOL.ST,BUY,313.9110412597656,39.0,39
2024-07-26,NDA-SE.ST,BUY,123.48455047607422,99.0,39
2024-08-02,SKF-B.ST,STOP_LOSS,179.87306213378906,61.0,39
2024-08-02,SCA-B.ST,STOP_LOSS,132.57977294921875,83.0,39
2024-08-09,SWED-A.ST,BUY,173.78611755371094,67.0,39
2024-08-09,ABB.ST,BUY,548.7978515625,21.0,39
2024-09-06,SAND.ST,STOP_LOSS,189.99159240722656,60.0,39
2024-09-06,ATCO-A.ST,STOP_LOSS,165.5917205810547,69.0,39
2024-09-06,BOL.ST,STOP_LOSS,283.0089111328125,39.0,39
2024-09-13,SAAB-B.ST,BUY,230.04489135742188,50.0,39
2024-09-13,HM-B.ST,BUY,151.5860137939453,76.0,39
2024-10-04,AZN.ST,BUY,1594.6065673828125,6.0,39
2024-10-11,ABB.ST,TAKE_PROFIT,600.4470825195312,21.0,39
2024-10-18,NDA-SE.ST,TAKE_PROFIT,125.06452178955078,99.0,39
2024-11-01,SWED-A.ST,TAKE_PROFIT,182.10523986816406,67.0,39
2024-11-08,AZN.ST,STOP_LOSS,1394.09619140625,6.0,39
2024-11-22,SAAB-B.ST,TAKE_PROFIT,243.0334014892578,50.0,39
2024-11-22,INVE-B.ST,BUY,290.021484375,40.0,39
2024-11-22,LIFCO-B.ST,BUY,313.29705810546875,37.0,39
2024-11-22,ASSA-B.ST,BUY,323.21875,35.0,39
2024-11-22,TELIA.ST,BUY,29.242507934570312,397.0,39
2024-12-06,HM-B.ST,MAX_HOLD,152.37648010253906,76.0,39
2024-12-06,INVE-B.ST,TAKE_PROFIT,299.49615478515625,40.0,39
2024-12-06,LIFCO-B.ST,TAKE_PROFIT,335.15496826171875,37.0,39
2024-12-06,ASSA-B.ST,TAKE_PROFIT,337.3224792480469,35.0,39
2024-12-06,SEB-A.ST,BUY,135.45733642578125,88.0,39
2024-12-06,INVE-B.ST,BUY,299.49615478515625,39.0,39
2024-12-13,SEB-A.ST,TAKE_PROFIT,135.544677734375,88.0,39
2024-12-27,ASSA-B.ST,BUY,318.4526672363281,36.0,39
2024-12-27,TEL2-B.ST,BUY,102.1760482788086,115.0,39
2024-12-27,ALFA.ST,BUY,447.2844543457031,26.0,39
2025-01-03,SEB-A.ST,BUY,134.75865173339844,87.0,39
2025-01-10,SEB-A.ST,TAKE_PROFIT,135.50100708007812,87.0,39
2025-01-10,ABB.ST,BUY,600.8458862304688,19.0,39
2025-01-17,TELIA.ST,TAKE_PROFIT,29.140974044799805,397.0,39
2025-01-17,INVE-B.ST,TAKE_PROFIT,304.0633850097656,39.0,39
2025-01-17,TELIA.ST,BUY,29.140974044799805,414.0,39
2025-01-17,ERIC-B.ST,BUY,90.65454864501953,133.0,39
2025-01-24,ALFA.ST,TAKE_PROFIT,473.7538757324219,26.0,39
2025-01-24,ABB.ST,TAKE_PROFIT,648.7061767578125,19.0,39
2025-01-31,ASSA-B.ST,TAKE_PROFIT,331.2919616699219,36.0,39
2025-01-31,TEL2-B.ST,TAKE_PROFIT,114.78520202636719,115.0,39
2025-01-31,TELIA.ST,TAKE_PROFIT,30.119417190551758,414.0,39
2025-02-07,ABB.ST,BUY,595.26220703125,20.0,39
2025-02-14,SAAB-B.ST,BUY,243.13279724121094,50.0,39
2025-02-21,SAAB-B.ST,TAKE_PROFIT,295.0693664550781,50.0,39
2025-03-07,ASSA-B.ST,BUY,327.7903137207031,38.0,39
2025-03-28,ERIC-B.ST,STOP_LOSS,76.2430419921875,133.0,39
2025-03-28,ABB.ST,STOP_LOSS,533.64208984375,20.0,39
2025-04-04,ASSA-B.ST,STOP_LOSS,268.06829833984375,38.0,39
2025-04-11,SWED-A.ST,BUY,191.81817626953125,62.0,39
2025-04-11,SHB-A.ST,BUY,94.65859985351562,126.0,39
2025-05-02,SWED-A.ST,TAKE_PROFIT,219.90907287597656,62.0,39
2025-05-02,SHB-A.ST,TAKE_PROFIT,110.55146789550781,126.0,39
2025-07-18,TELIA.ST,BUY,33.25862121582031,378.0,39
2025-07-25,SHB-A.ST,BUY,103.95854949951172,121.0,39
2025-07-25,VOLV-B.ST,BUY,276.2627868652344,45.0,39
2025-08-08,VOLV-B.ST,TAKE_PROFIT,277.6080627441406,45.0,39
2025-08-08,SKA-B.ST,BUY,221.97544860839844,56.0,39
2025-08-15,SKA-B.ST,TAKE_PROFIT,230.4766387939453,56.0,39
2025-08-22,SHB-A.ST,TAKE_PROFIT,110.63878631591797,121.0,39
2025-09-05,TELIA.ST,TAKE_PROFIT,34.5463752746582,378.0,39
2025-10-24,ADDT-B.ST,BUY,332.3999938964844,38.0,39
2025-10-24,SAAB-B.ST,BUY,521.255126953125,24.0,39
2025-10-31,SHB-A.ST,BUY,108.89231872558594,117.0,39
2025-11-07,SHB-A.ST,TAKE_PROFIT,109.15428924560547,117.0,39
2025-11-07,TEL2-B.ST,BUY,147.6354217529297,85.0,39
2025-11-28,ALFA.ST,BUY,438.380126953125,28.0,39
2025-12-05,ALFA.ST,TAKE_PROFIT,457.7565612792969,28.0,39
2025-12-05,HEXA-B.ST,BUY,110.79793548583984,114.0,39
2025-12-12,ADDT-B.ST,TAKE_PROFIT,334.3999938964844,38.0,39
2026-01-02,SAAB-B.ST,TAKE_PROFIT,558.7870483398438,24.0,39
2026-01-02,TEL2-B.ST,TAKE_PROFIT,150.93997192382812,85.0,39
2026-01-16,ERIC-B.ST,BUY,86.28500366210938,150.0,39
2026-01-23,SKF-B.ST,BUY,246.8131866455078,53.0,39
2026-01-30,HEXA-B.ST,STOP_LOSS,100.46212005615234,114.0,39
2026-01-30,ERIC-B.ST,TAKE_PROFIT,95.29603576660156,150.0,39
2026-01-30,HM-B.ST,BUY,174.52206420898438,73.0,39
2026-02-06,HM-B.ST,TAKE_PROFIT,183.8181610107422,73.0,39
2026-02-06,AZN.ST,BUY,1727.0467529296875,7.0,39
2026-02-06,HM-B.ST,BUY,183.8181610107422,71.0,39
2026-02-06,ADDT-B.ST,BUY,327.20001220703125,40.0,39
2026-02-13,SKF-B.ST,TAKE_PROFIT,249.4681396484375,53.0,39
2026-02-13,AZN.ST,TAKE_PROFIT,1832.9576416015625,7.0,39
2026-02-13,HM-B.ST,TAKE_PROFIT,181.56752014160156,71.0,39
2026-02-27,ADDT-B.ST,TAKE_PROFIT,334.6000061035156,40.0,39
2026-03-13,SEB-A.ST,BUY,171.62252807617188,77.0,39
2026-03-13,NDA-SE.ST,BUY,167.80796813964844,79.0,39
2026-03-13,SKA-B.ST,BUY,242.75613403320312,54.0,39
2026-03-13,HM-B.ST,BUY,176.62591552734375,75.0,39
2026-03-27,SHB-A.ST,BUY,119.0999984741211,108.0,39
2026-03-27,VOLV-B.ST,BUY,288.37030029296875,44.0,39
2026-04-03,SHB-A.ST,TAKE_PROFIT,126.9000015258789,108.0,39
2026-04-03,SHB-A.ST,BUY,126.9000015258789,105.0,39
2026-04-10,SHB-A.ST,TAKE_PROFIT,128.8000030517578,105.0,39
2026-04-17,SKA-B.ST,TAKE_PROFIT,263.20001220703125,54.0,39
2026-05-15,AZN.ST,BUY,1706.5,8.0,39
2026-05-22,SEB-A.ST,TAKE_PROFIT,186.9499969482422,77.0,39
2026-05-22,NDA-SE.ST,TAKE_PROFIT,177.9499969482422,79.0,39
2026-05-22,TEL2-B.ST,BUY,182.60000610351562,76.0,39
2026-05-29,VOLV-B.ST,TAKE_PROFIT,325.5,44.0,39
2026-06-05,HM-B.ST,MAX_HOLD,166.3000030517578,75.0,39
